time,price,type
2024-11-14 08:49:00,155.848,low
2024-11-14 09:00:00,155.962,high
2024-11-14 09:51:00,155.702,low
2024-11-14 10:01:00,155.873,high
2024-11-14 10:13:00,155.743,low
2024-11-14 12:28:00,156.243,high
2024-11-14 13:12:00,155.987,low
2024-11-14 13:32:00,156.143,high
2024-11-14 14:02:00,155.856,low
2024-11-14 14:30:00,156.028,high
2024-11-14 14:38:00,155.886,low
2024-11-14 14:53:00,156.022,high
2024-11-14 15:28:00,155.774,low
2024-11-14 15:38:00,156.194,high
2024-11-14 16:39:00,155.517,low
2024-11-14 17:03:00,155.873,high
2024-11-14 17:12:00,155.652,low
2024-11-14 17:44:00,156.077,high
2024-11-14 18:03:00,155.892,low
2024-11-14 18:09:00,156.041,high
2024-11-14 18:26:00,155.715,low
2024-11-14 19:13:00,156.04,high
2024-11-14 19:51:00,155.673,low
2024-11-14 20:34:00,155.942,high
2024-11-14 21:03:00,155.848,low
2024-11-14 22:14:00,156.419,high
2024-11-14 22:28:00,156.145,low
2024-11-14 22:54:00,156.42,high
2024-11-14 23:27:00,156.244,low
2024-11-14 23:53:00,156.322,high
2024-11-15 00:10:00,156.194,low
2024-11-15 01:17:00,156.453,high
2024-11-15 01:36:00,156.3,low
2024-11-15 02:49:00,156.75,high
2024-11-15 03:09:00,156.329,low
2024-11-15 03:44:00,156.634,high
2024-11-15 05:10:00,156.274,low
2024-11-15 06:00:00,156.545,high
2024-11-15 06:37:00,156.305,low
2024-11-15 08:02:00,156.505,high
2024-11-15 09:38:00,155.785,low
2024-11-15 09:49:00,155.933,high
2024-11-15 10:45:00,155.388,low
2024-11-15 11:25:00,155.73,high
2024-11-15 11:55:00,155.263,low
2024-11-15 12:01:00,155.397,high
2024-11-15 12:39:00,155.218,low
2024-11-15 14:42:00,155.627,high
2024-11-15 15:14:00,155.176,low
2024-11-15 15:33:00,155.719,high
2024-11-15 16:07:00,155.118,low
2024-11-15 16:15:00,155.401,high
2024-11-15 16:07:00,155.118,low
2024-11-15 16:50:00,155.78,high
2024-11-15 18:10:00,154.641,low
2024-11-15 18:30:00,154.91,high
2024-11-15 20:52:00,153.862,low
2024-11-15 21:47:00,154.343,high
2024-11-15 22:13:00,154.174,low
2024-11-15 22:39:00,154.422,high
2024-11-15 23:00:00,154.286,low
2024-11-18 00:13:00,154.509,high
2024-11-18 00:30:00,154.256,low
2024-11-18 01:15:00,154.751,high
2024-11-18 01:46:00,154.396,low
2024-11-18 01:59:00,154.681,high
2024-11-18 02:48:00,153.84,low
2024-11-18 03:27:00,155.145,high
2024-11-18 03:59:00,154.486,low
2024-11-18 04:12:00,154.804,high
2024-11-18 04:22:00,154.639,low
2024-11-18 04:45:00,154.924,high
2024-11-18 05:05:00,154.666,low
2024-11-18 05:37:00,154.892,high
2024-11-18 06:22:00,154.415,low
2024-11-18 07:26:00,154.763,high
2024-11-18 07:45:00,154.415,low
2024-11-18 08:05:00,154.629,high
2024-11-18 08:35:00,154.298,low
2024-11-18 09:43:00,154.768,high
2024-11-18 09:53:00,154.476,low
2024-11-18 11:00:00,154.972,high
2024-11-18 11:22:00,154.554,low
2024-11-18 13:05:00,155.125,high
2024-11-18 13:14:00,154.951,low
2024-11-18 13:05:00,155.125,high
2024-11-18 13:14:00,154.951,low
2024-11-18 13:29:00,155.112,high
2024-11-18 13:49:00,154.966,low
2024-11-18 14:29:00,155.201,high
2024-11-18 14:45:00,155.063,low
2024-11-18 15:03:00,155.356,high
2024-11-18 16:03:00,154.784,low
2024-11-18 16:31:00,154.984,high
2024-11-18 16:46:00,154.581,low
2024-11-18 17:24:00,155.054,high
2024-11-18 17:36:00,154.787,low
2024-11-18 18:05:00,155.038,high
2024-11-18 18:10:00,154.87,low
2024-11-18 18:34:00,155.07,high
2024-11-18 19:09:00,154.711,low
2024-11-18 19:19:00,154.852,high
2024-11-18 19:55:00,154.641,low
2024-11-18 20:11:00,154.789,high
2024-11-18 21:08:00,154.572,low
2024-11-18 21:59:00,154.754,high
2024-11-18 22:20:00,154.594,low
2024-11-18 22:49:00,154.692,high
2024-11-18 23:00:00,154.565,low
2024-11-18 23:59:00,154.691,high
2024-11-19 00:07:00,154.604,low
2024-11-19 00:38:00,154.657,high
2024-11-19 01:26:00,154.431,low
2024-11-19 01:59:00,154.617,high
2024-11-19 02:54:00,154.296,low
2024-11-19 02:50:00,154.455,high
2024-11-19 03:35:00,154.039,low
2024-11-19 03:54:00,154.193,high
2024-11-19 04:10:00,153.973,low
2024-11-19 04:20:00,154.249,high
2024-11-19 05:05:00,153.95,low
2024-11-19 07:01:00,154.486,high
2024-11-19 07:18:00,154.298,low
2024-11-19 07:51:00,154.519,high
2024-11-19 08:03:00,154.343,low
2024-11-19 08:30:00,154.58,high
2024-11-19 08:52:00,154.409,low
2024-11-19 09:43:00,154.656,high
2024-11-19 10:42:00,153.277,low
2024-11-19 11:15:00,154.074,high
2024-11-19 11:29:00,153.35,low
2024-11-19 11:56:00,153.881,high
2024-11-19 12:11:00,153.439,low
2024-11-19 13:06:00,153.9,high
2024-11-19 13:21:00,153.725,low
2024-11-19 14:02:00,154.187,high
2024-11-19 14:19:00,154.02,low
2024-11-19 14:48:00,154.208,high
2024-11-19 15:59:00,153.41,low
2024-11-19 16:34:00,154.134,high
2024-11-19 16:51:00,153.947,low
2024-11-19 17:11:00,154.236,high
2024-11-19 17:46:00,153.851,low
2024-11-19 17:51:00,154.062,high
2024-11-19 17:54:00,153.915,low
2024-11-19 18:37:00,154.494,high
2024-11-19 19:09:00,154.261,low
2024-11-19 20:05:00,154.799,high
2024-11-19 21:00:00,154.564,low
2024-11-19 21:39:00,154.706,high
2024-11-19 21:49:00,154.618,low
2024-11-19 22:01:00,154.717,high
2024-11-19 22:13:00,154.635,low
2024-11-19 22:30:00,154.732,high
2024-11-20 00:56:00,154.52,low
2024-11-20 02:04:00,154.761,high
2024-11-20 02:10:00,154.583,low
2024-11-20 02:50:00,154.94,high
2024-11-20 03:02:00,154.808,low
2024-11-20 03:30:00,154.99,high
2024-11-20 03:47:00,154.694,low
2024-11-20 04:11:00,154.909,high
2024-11-20 04:25:00,154.765,low
2024-11-20 06:21:00,155.14,high
2024-11-20 06:47:00,154.942,low
2024-11-20 07:06:00,155.113,high
2024-11-20 07:25:00,154.991,low
2024-11-20 10:04:00,155.749,high
2024-11-20 10:45:00,155.58,low
2024-11-20 11:31:00,155.852,high
2024-11-20 11:50:00,155.651,low
2024-11-20 12:50:00,155.847,high
2024-11-20 12:57:00,155.722,low
2024-11-20 13:23:00,155.852,high
2024-11-20 13:40:00,155.712,low
2024-11-20 14:01:00,155.888,high
2024-11-20 15:02:00,155.631,low
2024-11-20 15:31:00,155.789,high
2024-11-20 15:43:00,155.636,low
2024-11-20 16:20:00,155.84,high
2024-11-20 16:21:00,155.389,low
2024-11-20 16:52:00,155.75,high
2024-11-20 17:21:00,155.057,low
2024-11-20 18:01:00,155.614,high
2024-11-20 18:32:00,155.233,low
2024-11-20 19:05:00,155.442,high
2024-11-20 19:22:00,155.182,low
2024-11-20 20:21:00,155.443,high
2024-11-20 21:15:00,155.242,low
2024-11-20 23:02:00,155.538,high
2024-11-21 01:47:00,155.235,low
2024-11-21 01:56:00,155.326,high
2024-11-21 02:38:00,154.925,low
2024-11-21 02:54:00,155.141,high
2024-11-21 03:23:00,154.88,low
2024-11-21 03:39:00,155.079,high
2024-11-21 04:06:00,154.877,low
2024-11-21 04:25:00,155.088,high
2024-11-21 05:00:00,154.892,low
2024-11-21 05:10:00,155.034,high
2024-11-21 06:02:00,154.861,low
2024-11-21 07:12:00,155.164,high
2024-11-21 07:32:00,155.074,low
2024-11-21 07:48:00,155.265,high
2024-11-21 08:16:00,154.557,low
2024-11-21 08:31:00,154.866,high
2024-11-21 08:44:00,154.642,low
2024-11-21 09:14:00,155.045,high
2024-11-21 09:28:00,154.608,low
2024-11-21 10:02:00,155.038,high
2024-11-21 11:21:00,154.085,low
2024-11-21 11:59:00,154.434,high
2024-11-21 12:41:00,154.203,low
2024-11-21 14:15:00,154.716,high
2024-11-21 14:52:00,154.298,low
2024-11-21 15:30:00,154.686,high
2024-11-21 15:42:00,154.104,low
2024-11-21 16:17:00,154.545,high
2024-11-21 16:42:00,153.961,low
2024-11-21 16:55:00,154.18,high
2024-11-21 17:09:00,153.906,low
2024-11-21 19:00:00,154.679,high
2024-11-21 19:12:00,154.541,low
2024-11-21 19:18:00,154.694,high
2024-11-21 19:56:00,154.405,low
2024-11-21 20:40:00,154.7,high
2024-11-21 21:00:00,154.536,low
2024-11-21 21:23:00,154.65,high
2024-11-21 22:05:00,154.453,low
2024-11-21 22:27:00,154.584,high
2024-11-21 22:35:00,154.487,low
2024-11-21 22:48:00,154.593,high
2024-11-21 23:02:00,154.45,low
2024-11-21 23:15:00,154.569,high
2024-11-22 01:08:00,154.294,low
2024-11-22 01:29:00,154.425,high
2024-11-22 02:12:00,153.968,low
2024-11-22 02:54:00,154.417,high
2024-11-22 03:12:00,154.223,low
2024-11-22 04:11:00,154.496,high
2024-11-22 04:32:00,154.349,low
2024-11-22 04:40:00,154.492,high
2024-11-22 05:01:00,154.354,low
2024-11-22 05:15:00,154.484,high
2024-11-22 05:40:00,154.186,low
2024-11-22 08:51:00,154.958,high
2024-11-22 09:22:00,154.702,low
2024-11-22 09:33:00,154.912,high
2024-11-22 09:56:00,154.657,low
2024-11-22 10:06:00,154.869,high
2024-11-22 10:39:00,154.4,low
2024-11-22 11:16:00,154.822,high
2024-11-22 11:47:00,154.251,low
2024-11-22 12:07:00,154.553,high
2024-11-22 12:27:00,154.253,low
2024-11-22 12:50:00,154.401,high
2024-11-22 12:57:00,154.273,low
2024-11-22 13:29:00,154.47,high
2024-11-22 14:00:00,154.292,low
2024-11-22 15:11:00,154.566,high
2024-11-22 15:42:00,154.191,low
2024-11-22 16:48:00,155.024,high
2024-11-22 17:10:00,154.651,low
2024-11-22 17:20:00,154.888,high
2024-11-22 17:51:00,154.624,low
2024-11-22 18:00:00,154.92,high
2024-11-22 18:16:00,154.803,low
2024-11-22 18:40:00,154.922,high
2024-11-22 19:02:00,154.689,low
2024-11-22 19:18:00,154.811,high
2024-11-22 19:32:00,154.674,low
2024-11-22 19:48:00,154.826,high
2024-11-22 20:21:00,154.717,low
2024-11-22 20:34:00,154.808,high
2024-11-22 21:09:00,154.663,low
2024-11-22 22:47:00,154.884,high
2024-11-22 23:00:00,154.798,low
2024-11-22 23:23:00,154.839,high
2024-11-25 00:00:00,154.093,low
2024-11-25 00:33:00,154.353,high
2024-11-25 01:00:00,154.14,low
2024-11-25 01:01:00,154.388,high
2024-11-25 01:41:00,154.053,low
2024-11-25 01:48:00,154.197,high
2024-11-25 02:19:00,153.817,low
2024-11-25 03:05:00,154.236,high
2024-11-25 03:51:00,153.648,low
2024-11-25 03:58:00,153.803,high
2024-11-25 03:51:00,153.648,low
2024-11-25 04:25:00,153.758,high
2024-11-25 04:39:00,153.548,low
2024-11-25 04:56:00,153.806,high
2024-11-25 05:18:00,153.631,low
2024-11-25 06:23:00,154.17,high
2024-11-25 06:38:00,153.989,low
2024-11-25 07:51:00,154.399,high
2024-11-25 08:01:00,154.182,low
2024-11-25 08:30:00,154.48,high
2024-11-25 09:11:00,154.186,low
2024-11-25 09:23:00,154.363,high
2024-11-25 09:38:00,154.154,low
2024-11-25 10:04:00,154.673,high
2024-11-25 10:29:00,154.483,low
2024-11-25 10:46:00,154.724,high
2024-11-25 11:19:00,154.516,low
2024-11-25 11:27:00,154.638,high
2024-11-25 11:57:00,154.357,low
2024-11-25 12:14:00,154.478,high
2024-11-25 12:35:00,154.347,low
2024-11-25 12:46:00,154.448,high
2024-11-25 13:21:00,154.315,low
2024-11-25 14:23:00,154.565,high
2024-11-25 15:26:00,153.755,low
2024-11-25 16:06:00,154.023,high
2024-11-25 16:30:00,153.626,low
2024-11-25 16:44:00,153.893,high
2024-11-25 17:01:00,153.645,low
2024-11-25 17:16:00,153.997,high
2024-11-25 17:36:00,153.764,low
2024-11-25 18:24:00,154.45,high
2024-11-25 18:36:00,154.282,low
2024-11-25 18:46:00,154.52,high
2024-11-25 19:03:00,154.272,low
2024-11-25 19:19:00,154.387,high
2024-11-25 19:38:00,154.225,low
2024-11-25 19:57:00,154.363,high
2024-11-25 20:15:00,154.17,low
2024-11-25 20:27:00,154.271,high
2024-11-25 21:34:00,153.994,low
2024-11-25 21:52:00,154.196,high
2024-11-25 22:11:00,154.088,low
2024-11-25 22:41:00,154.181,high
2024-11-25 22:47:00,154.078,low
2024-11-25 23:41:00,154.232,high
2024-11-26 00:07:00,154.121,low
2024-11-26 00:31:00,154.19,high
2024-11-26 01:06:00,153.883,low
2024-11-26 01:53:00,154.489,high
2024-11-26 02:40:00,153.935,low
2024-11-26 02:55:00,154.185,high
2024-11-26 03:23:00,153.84,low
2024-11-26 04:07:00,154.222,high
2024-11-26 04:55:00,153.9,low
2024-11-26 05:04:00,154.064,high
2024-11-26 05:23:00,153.756,low
2024-11-26 05:47:00,153.879,high
2024-11-26 06:02:00,153.666,low
2024-11-26 06:37:00,153.914,high
2024-11-26 07:30:00,153.545,low
2024-11-26 09:41:00,154.22,high
2024-11-26 10:32:00,153.789,low
2024-11-26 11:32:00,154.121,high
2024-11-26 12:55:00,153.709,low
2024-11-26 13:28:00,153.869,high
2024-11-26 14:37:00,153.069,low
2024-11-26 14:56:00,153.331,high
2024-11-26 15:04:00,152.984,low
2024-11-26 15:24:00,153.411,high
2024-11-26 15:47:00,153.166,low
2024-11-26 16:15:00,153.596,high
2024-11-26 16:23:00,153.398,low
2024-11-26 16:48:00,153.682,high
2024-11-26 17:00:00,153.367,low
2024-11-26 17:29:00,153.722,high
2024-11-26 17:58:00,153.406,low
2024-11-26 18:20:00,153.683,high
2024-11-26 19:14:00,153.256,low
2024-11-26 19:33:00,153.379,high
2024-11-26 19:50:00,153.254,low
2024-11-26 20:29:00,153.489,high
2024-11-26 21:05:00,153.181,low
2024-11-26 21:30:00,153.391,high
2024-11-26 22:31:00,153.024,low
2024-11-26 22:50:00,153.142,high
2024-11-26 23:22:00,153.009,low
2024-11-26 23:51:00,153.116,high
2024-11-27 00:00:00,152.988,low
2024-11-27 01:28:00,153.235,high
2024-11-27 02:34:00,152.762,low
2024-11-27 03:01:00,153.031,high
2024-11-27 03:55:00,152.505,low
2024-11-27 04:19:00,152.752,high
2024-11-27 06:22:00,152.251,low
2024-11-27 06:36:00,152.358,high
2024-11-27 07:19:00,152.248,low
2024-11-27 07:55:00,152.477,high
2024-11-27 08:30:00,152.113,low
2024-11-27 08:44:00,152.282,high
2024-11-27 10:20:00,151.427,low
2024-11-27 11:02:00,151.895,high
2024-11-27 12:07:00,151.221,low
2024-11-27 12:30:00,151.47,high
2024-11-27 12:46:00,151.271,low
2024-11-27 13:24:00,151.617,high
2024-11-27 14:08:00,151.341,low
2024-11-27 14:20:00,151.552,high
2024-11-27 14:33:00,151.307,low
2024-11-27 15:30:00,151.623,high
2024-11-27 16:30:00,150.998,low
2024-11-27 17:17:00,151.806,high
2024-11-27 17:56:00,150.93,low
2024-11-27 18:15:00,151.375,high
2024-11-27 18:50:00,150.455,low
2024-11-27 19:03:00,150.827,high
2024-11-27 19:22:00,150.532,low
2024-11-27 19:51:00,150.867,high
2024-11-27 20:12:00,150.678,low
2024-11-27 22:20:00,151.188,high
2024-11-27 23:03:00,151.089,low
2024-11-27 23:35:00,151.192,high
2024-11-28 00:00:00,150.965,low
2024-11-28 03:01:00,151.749,high
2024-11-28 04:20:00,151.345,low
2024-11-28 04:39:00,151.617,high
2024-11-28 05:00:00,151.417,low
2024-11-28 05:47:00,151.718,high
2024-11-28 06:36:00,151.534,low
2024-11-28 07:01:00,151.663,high
2024-11-28 07:35:00,151.481,low
2024-11-28 07:57:00,151.661,high
2024-11-28 08:05:00,151.361,low
2024-11-28 08:40:00,151.651,high
2024-11-28 08:49:00,151.465,low
2024-11-28 09:04:00,151.661,high
2024-11-28 09:21:00,151.54,low
2024-11-28 10:03:00,151.881,high
2024-11-28 10:29:00,151.758,low
2024-11-28 11:20:00,151.947,high
2024-11-28 11:36:00,151.827,low
2024-11-28 12:37:00,151.95,high
2024-11-28 13:05:00,151.759,low
2024-11-28 13:34:00,151.898,high
2024-11-28 14:35:00,151.64,low
2024-11-28 14:56:00,151.782,high
2024-11-28 15:12:00,151.649,low
2024-11-28 15:26:00,151.748,high
2024-11-28 16:31:00,151.48,low
2024-11-28 16:54:00,151.604,high
2024-11-28 17:08:00,151.405,low
2024-11-28 18:04:00,151.574,high
2024-11-28 18:40:00,151.466,low
2024-11-28 19:08:00,151.547,high
2024-11-28 19:50:00,151.457,low
2024-11-28 20:52:00,151.555,high
2024-11-28 21:20:00,151.511,low
2024-11-28 21:40:00,151.549,high
2024-11-28 23:00:00,151.436,low
2024-11-28 23:46:00,151.55,high
2024-11-29 01:48:00,150.981,low
2024-11-29 01:59:00,151.226,high
2024-11-29 03:19:00,149.996,low
2024-11-29 03:34:00,150.265,high
2024-11-29 03:59:00,149.847,low
2024-11-29 04:32:00,150.395,high
2024-11-29 04:46:00,150.047,low
2024-11-29 05:32:00,150.375,high
2024-11-29 06:24:00,149.759,low
2024-11-29 07:01:00,150.101,high
2024-11-29 07:14:00,149.931,low
2024-11-29 07:36:00,150.273,high
2024-11-29 08:00:00,150.067,low
2024-11-29 08:20:00,150.196,high
2024-11-29 09:29:00,149.533,low
2024-11-29 10:24:00,150.273,high
2024-11-29 11:11:00,149.929,low
2024-11-29 11:51:00,150.305,high
2024-11-29 12:01:00,150.118,low
2024-11-29 11:51:00,150.305,high
2024-11-29 12:01:00,150.118,low
2024-11-29 12:17:00,150.363,high
2024-11-29 13:06:00,149.829,low
2024-11-29 13:43:00,150.079,high
2024-11-29 13:47:00,149.938,low
2024-11-29 14:43:00,150.26,high
2024-11-29 16:06:00,149.915,low
2024-11-29 16:19:00,150.159,high
2024-11-29 16:45:00,149.875,low
2024-11-29 18:30:00,150.53,high
2024-11-29 20:08:00,149.463,low
2024-11-29 21:06:00,149.697,high
2024-11-29 21:20:00,149.478,low
2024-11-29 21:42:00,149.649,high
2024-11-29 22:35:00,149.536,low
2024-11-29 23:50:00,149.743,high
2024-12-02 00:00:00,149.598,low
2024-12-02 00:27:00,149.688,high
2024-12-02 00:52:00,149.465,low
2024-12-02 01:41:00,150.069,high
2024-12-02 02:00:00,149.803,low
2024-12-02 02:10:00,150.289,high
2024-12-02 02:30:00,149.976,low
2024-12-02 04:15:00,150.686,high
2024-12-02 04:52:00,150.515,low
2024-12-02 05:24:00,150.744,high
2024-12-02 06:07:00,150.478,low
2024-12-02 06:17:00,150.612,high
2024-12-02 06:26:00,150.435,low
2024-12-02 07:21:00,150.749,high
2024-12-02 07:40:00,150.623,low
2024-12-02 07:56:00,150.742,high
2024-12-02 08:55:00,150.256,low
2024-12-02 09:06:00,150.449,high
2024-12-02 09:46:00,149.99,low
2024-12-02 10:05:00,150.348,high
2024-12-02 10:21:00,150.147,low
2024-12-02 10:34:00,150.378,high
2024-12-02 11:14:00,150.046,low
2024-12-02 11:50:00,150.44,high
2024-12-02 12:24:00,150.244,low
2024-12-02 12:37:00,150.388,high
2024-12-02 13:45:00,150.074,low
2024-12-02 14:02:00,150.172,high
2024-12-02 14:35:00,149.919,low
2024-12-02 15:02:00,150.204,high
2024-12-02 15:22:00,150.076,low
2024-12-02 15:33:00,150.353,high
2024-12-02 16:15:00,149.83,low
2024-12-02 16:31:00,150.095,high
2024-12-02 16:44:00,149.865,low
2024-12-02 17:00:00,150.1,high
2024-12-02 17:07:00,149.721,low
2024-12-02 17:45:00,150.241,high
2024-12-02 18:28:00,149.081,low
2024-12-02 20:20:00,149.79,high
2024-12-02 21:55:00,149.49,low
2024-12-02 22:11:00,149.649,high
2024-12-02 22:32:00,149.226,low
2024-12-02 23:26:00,149.614,high
2024-12-03 01:00:00,149.5,low
2024-12-03 01:28:00,149.824,high
2024-12-03 01:59:00,149.495,low
2024-12-03 02:31:00,149.918,high
2024-12-03 02:51:00,149.772,low
2024-12-03 02:55:00,149.932,high
2024-12-03 03:15:00,149.595,low
2024-12-03 04:24:00,149.997,high
2024-12-03 04:57:00,149.789,low
2024-12-03 05:29:00,149.994,high
2024-12-03 05:37:00,149.863,low
2024-12-03 06:31:00,150.22,high
2024-12-03 06:47:00,150.105,low
2024-12-03 07:03:00,150.238,high
2024-12-03 07:57:00,149.99,low
2024-12-03 08:24:00,150.168,high
2024-12-03 09:37:00,149.872,low
2024-12-03 09:43:00,150.065,high
2024-12-03 10:02:00,149.876,low
2024-12-03 10:12:00,150.185,high
2024-12-03 10:32:00,149.823,low
2024-12-03 10:49:00,149.961,high
2024-12-03 11:02:00,149.775,low
2024-12-03 11:33:00,149.956,high
2024-12-03 12:00:00,149.766,low
2024-12-03 13:05:00,150.108,high
2024-12-03 14:03:00,149.661,low
2024-12-03 14:27:00,149.874,high
2024-12-03 16:41:00,148.642,low
2024-12-03 17:09:00,149.145,high
2024-12-03 17:32:00,148.756,low
2024-12-03 18:28:00,149.521,high
2024-12-03 18:46:00,149.082,low
2024-12-03 19:25:00,149.511,high
2024-12-03 19:40:00,149.352,low
2024-12-03 19:49:00,149.477,high
2024-12-03 21:04:00,148.965,low
2024-12-03 21:58:00,149.538,high
2024-12-03 22:25:00,149.401,low
2024-12-03 23:16:00,149.564,high
2024-12-03 23:40:00,149.508,low
2024-12-03 23:59:00,149.631,high
2024-12-04 00:36:00,149.549,low
2024-12-04 01:14:00,149.702,high
2024-12-04 02:06:00,149.521,low
2024-12-04 02:35:00,149.835,high
2024-12-04 02:46:00,149.679,low
2024-12-04 03:15:00,150.077,high
2024-12-04 03:38:00,149.681,low
2024-12-04 03:56:00,149.965,high
2024-12-04 05:20:00,149.624,low
2024-12-04 06:30:00,150.172,high
2024-12-04 06:53:00,149.881,low
2024-12-04 08:03:00,150.167,high
2024-12-04 08:28:00,149.899,low
2024-12-04 08:45:00,150.057,high
2024-12-04 08:51:00,149.859,low
2024-12-04 09:31:00,150.436,high
2024-12-04 09:50:00,150.237,low
2024-12-04 10:06:00,150.543,high
2024-12-04 10:47:00,150.298,low
2024-12-04 11:31:00,150.781,high
2024-12-04 11:49:00,150.531,low
2024-12-04 12:08:00,150.802,high
2024-12-04 12:30:00,150.662,low
2024-12-04 12:22:00,150.789,high
2024-12-04 12:30:00,150.662,low
2024-12-04 13:16:00,151.047,high
2024-12-04 13:41:00,150.776,low
2024-12-04 15:04:00,151.228,high
2024-12-04 15:41:00,150.8,low
2024-12-04 15:56:00,151.14,high
2024-12-04 17:28:00,150.382,low
2024-12-04 17:33:00,150.68,high
2024-12-04 18:32:00,150.054,low
2024-12-04 19:01:00,150.243,high
2024-12-04 19:25:00,149.992,low
2024-12-04 19:41:00,150.224,high
2024-12-04 20:42:00,150.038,low
2024-12-04 21:02:00,150.599,high
2024-12-04 21:18:00,150.291,low
2024-12-04 21:26:00,150.448,high
2024-12-04 21:32:00,150.222,low
2024-12-04 22:40:00,150.671,high
2024-12-04 23:01:00,150.486,low
2024-12-04 23:44:00,150.655,high
2024-12-05 00:30:00,150.429,low
2024-12-05 01:12:00,150.777,high
2024-12-05 02:29:00,150.3,low
2024-12-05 02:51:00,150.437,high
2024-12-05 02:59:00,150.191,low
2024-12-05 03:18:00,150.374,high
2024-12-05 03:30:00,150.185,low
2024-12-05 03:35:00,150.68,high
2024-12-05 05:27:00,150.195,low
2024-12-05 06:43:00,150.427,high
2024-12-05 08:55:00,149.659,low
2024-12-05 09:29:00,150.025,high
2024-12-05 10:04:00,149.653,low
2024-12-05 11:28:00,150.284,high
2024-12-05 11:44:00,150.137,low
2024-12-05 12:00:00,150.32,high
2024-12-05 12:27:00,150.207,low
2024-12-05 12:31:00,150.351,high
2024-12-05 12:59:00,150.088,low
2024-12-05 13:21:00,150.238,high
2024-12-05 13:55:00,150.041,low
2024-12-05 14:32:00,150.506,high
2024-12-05 15:30:00,150.195,low
2024-12-05 15:54:00,150.696,high
2024-12-05 16:15:00,150.398,low
2024-12-05 16:30:00,150.598,high
2024-12-05 16:44:00,150.275,low
2024-12-05 17:00:00,150.505,high
2024-12-05 17:12:00,150.28,low
2024-12-05 17:44:00,150.489,high
2024-12-05 18:09:00,150.164,low
2024-12-05 18:14:00,150.34,high
2024-12-05 18:40:00,150.101,low
2024-12-05 18:59:00,150.219,high
2024-12-05 19:09:00,150.075,low
2024-12-05 19:23:00,150.191,high
2024-12-05 19:37:00,150.072,low
2024-12-05 20:30:00,150.348,high
2024-12-05 21:03:00,149.975,low
2024-12-05 21:25:00,150.099,high
2024-12-05 21:52:00,149.921,low
2024-12-05 22:09:00,150.096,high
2024-12-05 22:29:00,149.951,low
2024-12-05 23:06:00,150.125,high
2024-12-06 00:19:00,149.988,low
2024-12-06 02:13:00,150.275,high
2024-12-06 02:53:00,149.862,low
2024-12-06 03:30:00,150.178,high
2024-12-06 03:40:00,150.03,low
2024-12-06 03:53:00,150.223,high
2024-12-06 04:08:00,149.916,low
2024-12-06 04:32:00,150.028,high
2024-12-06 05:12:00,149.768,low
2024-12-06 07:09:00,150.066,high
2024-12-06 07:55:00,149.875,low
2024-12-06 08:06:00,150.019,high
2024-12-06 08:45:00,149.77,low
2024-12-06 09:28:00,150.169,high
2024-12-06 09:54:00,150.049,low
2024-12-06 12:33:00,150.697,high
2024-12-06 13:53:00,150.474,low
2024-12-06 14:02:00,150.659,high
2024-12-06 14:47:00,150.369,low
2024-12-06 15:29:00,150.583,high
2024-12-06 16:05:00,149.555,low
2024-12-06 16:21:00,149.888,high
2024-12-06 16:31:00,149.361,low
2024-12-06 17:20:00,150.043,high
2024-12-06 17:38:00,149.802,low
2024-12-06 18:11:00,150.115,high
2024-12-06 18:40:00,149.679,low
2024-12-06 19:24:00,150.042,high
2024-12-06 19:35:00,149.878,low
2024-12-06 20:11:00,150.046,high
2024-12-06 20:45:00,149.881,low
2024-12-06 21:20:00,150.134,high
2024-12-06 22:03:00,149.952,low
2024-12-06 22:38:00,150.056,high
2024-12-06 23:16:00,149.947,low
2024-12-06 23:54:00,150.058,high
2024-12-09 00:04:00,149.908,low
2024-12-09 00:15:00,150.04,high
2024-12-09 01:09:00,149.855,low
2024-12-09 01:49:00,150.049,high
2024-12-09 02:42:00,149.693,low
2024-12-09 03:03:00,149.945,high
2024-12-09 03:33:00,149.749,low
2024-12-09 03:47:00,150.054,high
2024-12-09 04:01:00,149.889,low
2024-12-09 04:24:00,149.989,high
2024-12-09 04:53:00,149.86,low
2024-12-09 05:40:00,150.037,high
2024-12-09 06:53:00,149.842,low
2024-12-09 07:15:00,149.969,high
2024-12-09 07:32:00,149.879,low
2024-12-09 08:22:00,150.189,high
2024-12-09 08:41:00,150.045,low
2024-12-09 09:16:00,150.243,high
2024-12-09 09:32:00,150.111,low
2024-12-09 10:35:00,150.523,high
2024-12-09 11:01:00,150.348,low
2024-12-09 11:16:00,150.489,high
2024-12-09 11:33:00,150.349,low
2024-12-09 11:45:00,150.487,high
2024-12-09 11:56:00,150.386,low
2024-12-09 12:13:00,150.484,high
2024-12-09 12:20:00,150.352,low
2024-12-09 13:26:00,150.505,high
2024-12-09 13:47:00,150.386,low
2024-12-09 15:14:00,150.95,high
2024-12-09 15:42:00,150.743,low
2024-12-09 16:13:00,150.92,high
2024-12-09 16:32:00,150.698,low
2024-12-09 17:34:00,151.245,high
2024-12-09 18:10:00,150.968,low
2024-12-09 19:07:00,151.324,high
2024-12-09 19:27:00,151.198,low
2024-12-09 19:59:00,151.346,high
2024-12-09 20:08:00,151.232,low
2024-12-09 20:43:00,151.325,high
2024-12-09 21:48:00,151.184,low
2024-12-09 22:34:00,151.298,high
2024-12-09 23:03:00,151.133,low
2024-12-09 23:23:00,151.251,high
2024-12-10 00:16:00,151.135,low
2024-12-10 01:30:00,151.419,high
2024-12-10 01:46:00,151.282,low
2024-12-10 02:10:00,151.454,high
2024-12-10 02:28:00,151.227,low
2024-12-10 03:03:00,151.55,high
2024-12-10 04:45:00,151.037,low
2024-12-10 05:04:00,151.273,high
2024-12-10 06:31:00,150.951,low
2024-12-10 07:27:00,151.299,high
2024-12-10 07:58:00,150.896,low
2024-12-10 10:15:00,151.785,high
2024-12-10 10:31:00,151.503,low
2024-12-10 11:00:00,151.668,high
2024-12-10 11:23:00,151.414,low
2024-12-10 11:59:00,151.616,high
2024-12-10 12:34:00,151.47,low
2024-12-10 14:09:00,151.773,high
2024-12-10 14:37:00,151.552,low
2024-12-10 15:02:00,151.837,high
2024-12-10 15:31:00,151.529,low
2024-12-10 15:54:00,151.717,high
2024-12-10 16:04:00,151.588,low
2024-12-10 16:28:00,151.789,high
2024-12-10 16:46:00,151.654,low
2024-12-10 17:32:00,152.068,high
2024-12-10 17:48:00,151.946,low
2024-12-10 18:07:00,152.18,high
2024-12-10 18:26:00,151.972,low
2024-12-10 18:38:00,152.135,high
2024-12-10 19:12:00,151.99,low
2024-12-10 19:36:00,152.151,high
2024-12-10 21:17:00,151.843,low
2024-12-10 21:30:00,151.954,high
2024-12-10 22:32:00,151.832,low
2024-12-10 23:12:00,151.975,high
2024-12-10 23:40:00,151.909,low
2024-12-10 23:58:00,151.97,high
2024-12-11 00:09:00,151.925,low
2024-12-11 01:00:00,151.95,high
2024-12-11 02:06:00,151.751,low
2024-12-11 02:30:00,151.854,high
2024-12-11 02:58:00,151.707,low
2024-12-11 03:11:00,151.827,high
2024-12-11 03:24:00,151.727,low
2024-12-11 03:45:00,151.801,high
2024-12-11 04:40:00,151.519,low
2024-12-11 04:46:00,151.622,high
2024-12-11 05:03:00,151.417,low
2024-12-11 05:47:00,151.64,high
2024-12-11 06:20:00,151.465,low
2024-12-11 06:38:00,151.613,high
2024-12-11 06:55:00,151.497,low
2024-12-11 07:59:00,151.762,high
2024-12-11 08:11:00,151.622,low
2024-12-11 08:56:00,151.792,high
2024-12-11 09:36:00,151.422,low
2024-12-11 10:20:00,151.716,high
2024-12-11 10:46:00,151.468,low
2024-12-11 12:10:00,152.799,high
2024-12-11 12:40:00,152.49,low
2024-12-11 13:14:00,152.709,high
2024-12-11 13:38:00,152.515,low
2024-12-11 14:33:00,152.704,high
2024-12-11 15:45:00,152.051,low
2024-12-11 16:05:00,152.329,high
2024-12-11 16:42:00,151.921,low
2024-12-11 18:04:00,152.557,high
2024-12-11 18:11:00,152.4,low
2024-12-11 18:33:00,152.53,high
2024-12-11 18:55:00,152.243,low
2024-12-11 19:30:00,152.542,high
2024-12-11 19:38:00,152.434,low
2024-12-11 19:58:00,152.544,high
2024-12-11 20:02:00,152.315,low
2024-12-11 21:01:00,152.721,high
2024-12-11 21:33:00,152.53,low
2024-12-11 21:57:00,152.659,high
2024-12-11 22:19:00,152.523,low
2024-12-11 22:55:00,152.624,high
2024-12-12 00:11:00,152.32,low
2024-12-12 01:02:00,152.453,high
2024-12-12 02:14:00,152.098,low
2024-12-12 02:44:00,152.34,high
2024-12-12 03:26:00,151.981,low
2024-12-12 03:43:00,152.136,high
2024-12-12 03:57:00,151.95,low
2024-12-12 05:06:00,152.327,high
2024-12-12 05:24:00,152.213,low
2024-12-12 05:43:00,152.412,high
2024-12-12 07:01:00,152.183,low
2024-12-12 08:19:00,152.775,high
2024-12-12 09:17:00,152.266,low
2024-12-12 10:04:00,152.661,high
2024-12-12 10:38:00,152.364,low
2024-12-12 11:30:00,152.629,high
2024-12-12 11:36:00,152.444,low
2024-12-12 11:55:00,152.575,high
2024-12-12 13:55:00,152.164,low
2024-12-12 14:23:00,152.365,high
2024-12-12 14:45:00,152.118,low
2024-12-12 15:01:00,152.294,high
2024-12-12 15:08:00,152.1,low
2024-12-12 15:30:00,152.388,high
2024-12-12 15:38:00,151.799,low
2024-12-12 15:59:00,152.075,high
2024-12-12 16:10:00,151.873,low
2024-12-12 16:38:00,152.399,high
2024-12-12 17:07:00,152.108,low
2024-12-12 17:31:00,152.348,high
2024-12-12 17:39:00,152.161,low
2024-12-12 17:56:00,152.378,high
2024-12-12 18:19:00,152.149,low
2024-12-12 18:24:00,152.29,high
2024-12-12 19:05:00,152.042,low
2024-12-12 22:58:00,152.678,high
2024-12-12 23:29:00,152.602,low
2024-12-12 23:39:00,152.686,high
2024-12-13 00:17:00,152.526,low
2024-12-13 01:12:00,152.646,high
2024-12-13 01:51:00,152.452,low
2024-12-13 02:50:00,152.952,high
2024-12-13 03:11:00,152.75,low
2024-12-13 03:31:00,152.956,high
2024-12-13 04:05:00,152.644,low
2024-12-13 05:11:00,153.044,high
2024-12-13 05:46:00,152.879,low
2024-12-13 06:32:00,153.089,high
2024-12-13 06:59:00,152.935,low
2024-12-13 07:10:00,153.035,high
2024-12-13 08:00:00,152.848,low
2024-12-13 08:12:00,152.998,high
2024-12-13 08:58:00,152.671,low
2024-12-13 09:25:00,152.894,high
2024-12-13 09:52:00,152.726,low
2024-12-13 12:19:00,153.484,high
2024-12-13 12:30:00,153.396,low
2024-12-13 13:24:00,153.598,high
2024-12-13 13:39:00,153.52,low
2024-12-13 14:01:00,153.665,high
2024-12-13 14:44:00,153.318,low
2024-12-13 15:12:00,153.532,high
2024-12-13 15:48:00,153.26,low
2024-12-13 17:03:00,153.649,high
2024-12-13 17:06:00,153.481,low
2024-12-13 17:30:00,153.621,high
2024-12-13 17:45:00,153.457,low
2024-12-13 17:56:00,153.689,high
2024-12-13 18:13:00,153.555,low
2024-12-13 19:31:00,153.8,high
2024-12-13 20:03:00,153.66,low
2024-12-13 21:35:00,153.745,high
2024-12-16 00:03:00,153.585,low
2024-12-16 00:13:00,153.676,high
2024-12-16 00:47:00,153.423,low
2024-12-16 01:30:00,153.608,high
2024-12-16 02:05:00,153.319,low
2024-12-16 03:04:00,153.901,high
2024-12-16 03:14:00,153.706,low
2024-12-16 04:24:00,153.974,high
2024-12-16 05:18:00,153.751,low
2024-12-16 05:34:00,153.873,high
2024-12-16 06:09:00,153.762,low
2024-12-16 06:28:00,153.893,high
2024-12-16 08:05:00,153.546,low
2024-12-16 08:39:00,153.773,high
2024-12-16 09:04:00,153.568,low
2024-12-16 09:22:00,153.673,high
2024-12-16 10:02:00,153.475,low
2024-12-16 10:08:00,153.624,high
2024-12-16 10:18:00,153.441,low
2024-12-16 11:16:00,153.755,high
2024-12-16 11:35:00,153.655,low
2024-12-16 12:09:00,153.845,high
2024-12-16 12:21:00,153.65,low
2024-12-16 13:02:00,153.86,high
2024-12-16 13:27:00,153.745,low
2024-12-16 15:00:00,154.102,high
2024-12-16 15:04:00,154.009,low
2024-12-16 15:24:00,154.101,high
2024-12-16 15:36:00,153.971,low
2024-12-16 17:25:00,154.479,high
2024-12-16 18:20:00,154.151,low
2024-12-16 18:29:00,154.313,high
2024-12-16 19:18:00,154.056,low
2024-12-16 19:35:00,154.249,high
2024-12-16 20:12:00,154.093,low
2024-12-16 20:27:00,154.202,high
2024-12-16 21:10:00,154.008,low
2024-12-16 23:20:00,154.217,high
2024-12-17 00:00:00,154.054,low
2024-12-17 01:16:00,154.263,high
2024-12-17 02:01:00,154.013,low
2024-12-17 02:42:00,154.345,high
2024-12-17 03:38:00,153.972,low
2024-12-17 03:50:00,154.151,high
2024-12-17 04:17:00,153.802,low
2024-12-17 05:01:00,154.04,high
2024-12-17 05:34:00,153.872,low
2024-12-17 06:27:00,154.206,high
2024-12-17 06:51:00,154.001,low
2024-12-17 07:43:00,154.258,high
2024-12-17 08:30:00,154.032,low
2024-12-17 08:44:00,154.167,high
2024-12-17 09:10:00,153.995,low
2024-12-17 09:26:00,154.128,high
2024-12-17 09:48:00,153.923,low
2024-12-17 10:10:00,154.164,high
2024-12-17 11:01:00,153.77,low
2024-12-17 11:11:00,153.91,high
2024-12-17 11:39:00,153.71,low
2024-12-17 12:06:00,153.871,high
2024-12-17 12:19:00,153.711,low
2024-12-17 12:53:00,153.884,high
2024-12-17 13:19:00,153.684,low
2024-12-17 14:07:00,153.937,high
2024-12-17 15:00:00,153.794,low
2024-12-17 15:08:00,153.972,high
2024-12-17 15:31:00,153.656,low
2024-12-17 15:42:00,153.998,high
2024-12-17 16:20:00,153.556,low
2024-12-17 16:53:00,153.722,high
2024-12-17 17:26:00,153.413,low
2024-12-17 17:48:00,153.576,high
2024-12-17 18:03:00,153.436,low
2024-12-17 18:23:00,153.646,high
2024-12-17 19:07:00,153.255,low
2024-12-17 19:21:00,153.38,high
2024-12-17 19:30:00,153.244,low
2024-12-17 20:20:00,153.393,high
2024-12-17 20:46:00,153.161,low
2024-12-17 23:01:00,153.594,high
2024-12-18 00:05:00,153.368,low
2024-12-18 00:54:00,153.5,high
2024-12-18 01:02:00,153.394,low
2024-12-18 01:30:00,153.596,high
2024-12-18 01:53:00,153.483,low
2024-12-18 02:46:00,153.766,high
2024-12-18 03:09:00,153.583,low
2024-12-18 03:47:00,153.786,high
2024-12-18 04:00:00,153.577,low
2024-12-18 04:19:00,153.71,high
2024-12-18 04:45:00,153.579,low
2024-12-18 04:57:00,153.747,high
2024-12-18 06:50:00,153.352,low
2024-12-18 07:33:00,153.465,high
2024-12-18 07:58:00,153.335,low
2024-12-18 08:08:00,153.495,high
2024-12-18 08:40:00,153.335,low
2024-12-18 09:00:00,153.497,high
2024-12-18 09:26:00,153.35,low
2024-12-18 09:56:00,153.646,high
2024-12-18 10:35:00,153.519,low
2024-12-18 11:46:00,153.742,high
2024-12-18 12:10:00,153.619,low
2024-12-18 12:28:00,153.697,high
2024-12-18 12:57:00,153.551,low
2024-12-18 13:24:00,153.639,high
2024-12-18 13:30:00,153.567,low
2024-12-18 14:05:00,153.73,high
2024-12-18 14:35:00,153.635,low
2024-12-18 15:33:00,153.951,high
2024-12-18 16:05:00,153.703,low
2024-12-18 16:38:00,153.902,high
2024-12-18 17:03:00,153.68,low
2024-12-18 18:10:00,154.089,high
2024-12-18 18:20:00,153.964,low
2024-12-18 18:38:00,154.089,high
2024-12-18 19:49:00,153.743,low
2024-12-18 20:03:00,153.838,high
2024-12-18 20:16:00,153.722,low
2024-12-18 21:14:00,154.626,high
2024-12-18 21:28:00,154.273,low
2024-12-18 21:58:00,154.662,high
2024-12-18 22:10:00,154.33,low
2024-12-18 22:40:00,154.776,high
2024-12-18 23:06:00,154.503,low
2024-12-18 23:58:00,154.866,high
2024-12-19 00:17:00,154.752,low
2024-12-19 00:30:00,154.8,high
2024-12-19 01:22:00,154.515,low
2024-12-19 01:37:00,154.698,high
2024-12-19 01:50:00,154.433,low
2024-12-19 02:27:00,154.894,high
2024-12-19 02:50:00,154.771,low
2024-12-19 02:54:00,154.878,high
2024-12-19 03:01:00,154.751,low
2024-12-19 03:10:00,154.861,high
2024-12-19 03:32:00,154.629,low
2024-12-19 03:40:00,154.8,high
2024-12-19 04:28:00,154.469,low
2024-12-19 05:21:00,155.441,high
2024-12-19 06:23:00,155.144,low
2024-12-19 07:16:00,155.471,high
2024-12-19 08:33:00,154.915,low
2024-12-19 09:33:00,156.779,high
2024-12-19 09:51:00,156.24,low
2024-12-19 10:42:00,157.066,high
2024-12-19 10:49:00,156.556,low
2024-12-19 11:06:00,157.14,high
2024-12-19 11:29:00,156.721,low
2024-12-19 11:56:00,157.147,high
2024-12-19 12:09:00,156.833,low
2024-12-19 12:23:00,157.062,high
2024-12-19 12:39:00,156.854,low
2024-12-19 13:05:00,157.062,high
2024-12-19 13:59:00,156.673,low
2024-12-19 14:59:00,156.979,high
2024-12-19 15:22:00,156.713,low
2024-12-19 15:36:00,157.048,high
2024-12-19 15:40:00,156.396,low
2024-12-19 16:46:00,157.347,high
2024-12-19 16:59:00,157.151,low
2024-12-19 18:12:00,157.808,high
2024-12-19 18:43:00,157.589,low
2024-12-19 19:01:00,157.768,high
2024-12-19 19:24:00,157.528,low
2024-12-19 19:58:00,157.747,high
2024-12-19 20:23:00,157.546,low
2024-12-19 20:39:00,157.707,high
2024-12-19 21:13:00,157.405,low
2024-12-19 21:29:00,157.522,high
2024-12-19 22:45:00,157.329,low
2024-12-19 22:39:00,157.434,high
2024-12-19 22:57:00,157.308,low
2024-12-19 23:10:00,157.397,high
2024-12-19 23:19:00,157.333,low
2024-12-19 23:48:00,157.451,high
2024-12-20 00:11:00,157.332,low
2024-12-20 02:11:00,157.926,high
2024-12-20 02:25:00,157.698,low
2024-12-20 02:45:00,157.874,high
2024-12-20 03:26:00,157.143,low
2024-12-20 03:48:00,157.404,high
2024-12-20 04:29:00,156.96,low
2024-12-20 04:44:00,157.098,high
2024-12-20 04:52:00,156.88,low
2024-12-20 05:26:00,157.152,high
2024-12-20 05:32:00,156.835,low
2024-12-20 05:26:00,157.152,high
2024-12-20 05:32:00,156.835,low
2024-12-20 06:08:00,157.209,high
2024-12-20 06:21:00,157.076,low
2024-12-20 07:01:00,157.317,high
2024-12-20 07:24:00,157.077,low
2024-12-20 07:39:00,157.201,high
2024-12-20 08:17:00,156.867,low
2024-12-20 08:53:00,157.132,high
2024-12-20 09:12:00,156.785,low
2024-12-20 09:32:00,157.056,high
2024-12-20 09:54:00,156.765,low
2024-12-20 10:12:00,156.933,high
2024-12-20 10:15:00,156.735,low
2024-12-20 10:34:00,156.962,high
2024-12-20 10:52:00,156.783,low
2024-12-20 11:10:00,156.897,high
2024-12-20 11:21:00,156.635,low
2024-12-20 11:41:00,156.775,high
2024-12-20 11:50:00,156.623,low
2024-12-20 13:24:00,156.842,high
2024-12-20 13:50:00,156.674,low
2024-12-20 14:11:00,156.817,high
2024-12-20 14:33:00,156.594,low
2024-12-20 15:11:00,156.796,high
2024-12-20 15:36:00,156.35,low
2024-12-20 15:53:00,156.616,high
2024-12-20 16:00:00,156.432,low
2024-12-20 15:53:00,156.616,high
2024-12-20 16:25:00,156.317,low
2024-12-20 17:00:00,156.687,high
2024-12-20 17:06:00,156.4,low
2024-12-20 17:30:00,156.777,high
2024-12-20 17:59:00,156.469,low
2024-12-20 18:08:00,156.586,high
2024-12-20 19:25:00,155.966,low
2024-12-20 19:36:00,156.108,high
2024-12-20 19:53:00,155.953,low
2024-12-20 20:31:00,156.212,high
2024-12-20 21:50:00,155.978,low
2024-12-20 22:07:00,156.112,high
2024-12-20 22:23:00,156.038,low
2024-12-20 23:50:00,156.463,high
2024-12-23 00:12:00,156.302,low
2024-12-23 01:01:00,156.56,high
2024-12-23 01:20:00,156.411,low
2024-12-23 02:00:00,156.581,high
2024-12-23 02:29:00,156.426,low
2024-12-23 03:09:00,156.692,high
2024-12-23 04:14:00,156.338,low
2024-12-23 05:19:00,156.61,high
2024-12-23 05:51:00,156.487,low
2024-12-23 06:17:00,156.606,high
2024-12-23 06:40:00,156.486,low
2024-12-23 07:59:00,156.66,high
2024-12-23 08:18:00,156.519,low
2024-12-23 09:17:00,156.801,high
2024-12-23 09:39:00,156.657,low
2024-12-23 09:56:00,156.812,high
2024-12-23 10:20:00,156.509,low
2024-12-23 10:39:00,156.615,high
2024-12-23 10:47:00,156.462,low
2024-12-23 11:53:00,156.763,high
2024-12-23 12:09:00,156.67,low
2024-12-23 13:00:00,156.831,high
2024-12-23 13:20:00,156.751,low
2024-12-23 15:15:00,157.219,high
2024-12-23 15:30:00,157.104,low
2024-12-23 15:40:00,157.257,high
2024-12-23 16:31:00,157.045,low
2024-12-23 17:19:00,157.269,high
2024-12-23 17:47:00,157.081,low
2024-12-23 18:18:00,157.214,high
2024-12-23 19:07:00,156.98,low
2024-12-23 20:18:00,157.207,high
2024-12-23 20:36:00,157.072,low
2024-12-23 21:15:00,157.157,high
2024-12-23 22:01:00,157.048,low
2024-12-23 23:59:00,157.177,high
2024-12-24 00:00:00,157.056,low
2024-12-24 02:54:00,157.391,high
2024-12-24 03:54:00,157.056,low
2024-12-24 04:26:00,157.179,high
2024-12-24 04:34:00,157.058,low
2024-12-24 05:00:00,157.14,high
2024-12-24 06:26:00,156.935,low
2024-12-24 07:04:00,157.05,high
2024-12-24 07:53:00,156.89,low
2024-12-24 08:43:00,157.145,high
2024-12-24 09:49:00,157.01,low
2024-12-24 10:01:00,157.178,high
2024-12-24 10:40:00,156.985,low
2024-12-24 11:00:00,157.084,high
2024-12-24 11:14:00,157.006,low
2024-12-24 11:46:00,157.1,high
2024-12-24 12:16:00,157.024,low
2024-12-24 13:51:00,157.168,high
2024-12-24 14:07:00,157.075,low
2024-12-24 16:08:00,157.28,high
2024-12-24 16:24:00,157.186,low
2024-12-24 17:03:00,157.299,high
2024-12-24 17:17:00,157.18,low
2024-12-24 18:24:00,157.38,high
2024-12-24 19:16:00,157.262,low
2024-12-24 19:46:00,157.346,high
2024-12-24 20:23:00,157.238,low
2024-12-24 21:07:00,157.38,high
2024-12-24 23:22:00,157.101,low
2024-12-24 23:20:00,157.186,high
2024-12-24 23:59:00,157.085,low
2024-12-26 00:00:00,157.276,high
2024-12-26 02:02:00,157.073,low
2024-12-26 02:54:00,157.369,high
2024-12-26 03:14:00,157.244,low
2024-12-26 03:32:00,157.479,high
2024-12-26 04:09:00,157.362,low
2024-12-26 04:23:00,157.475,high
2024-12-26 05:16:00,157.332,low
2024-12-26 05:32:00,157.418,high
2024-12-26 05:51:00,157.356,low
2024-12-26 06:32:00,157.46,high
2024-12-26 06:44:00,157.355,low
2024-12-26 06:57:00,157.435,high
2024-12-26 07:56:00,157.306,low
2024-12-26 09:37:00,157.449,high
2024-12-26 10:00:00,157.347,low
2024-12-26 10:39:00,157.416,high
2024-12-26 11:02:00,157.31,low
2024-12-26 11:40:00,157.462,high
2024-12-26 12:15:00,157.4,low
2024-12-26 14:41:00,157.664,high
2024-12-26 15:15:00,157.594,low
2024-12-26 17:09:00,157.953,high
2024-12-26 17:16:00,157.883,low
2024-12-26 18:01:00,158.085,high
2024-12-26 18:31:00,157.987,low
2024-12-26 18:46:00,158.063,high
2024-12-26 19:06:00,157.939,low
2024-12-26 19:46:00,158.073,high
2024-12-26 20:07:00,157.867,low
2024-12-26 20:21:00,158.013,high
2024-12-26 20:36:00,157.875,low
2024-12-26 21:31:00,158.025,high
2024-12-26 22:22:00,157.89,low
2024-12-26 23:38:00,158.037,high
2024-12-27 01:20:00,157.708,low
2024-12-27 01:36:00,157.838,high
2024-12-27 01:47:00,157.674,low
2024-12-27 02:07:00,157.857,high
2024-12-27 02:42:00,157.657,low
2024-12-27 02:54:00,157.949,high
2024-12-27 03:26:00,157.682,low
2024-12-27 03:48:00,157.868,high
2024-12-27 04:18:00,157.509,low
2024-12-27 04:31:00,157.676,high
2024-12-27 04:51:00,157.513,low
2024-12-27 05:14:00,157.717,high
2024-12-27 05:31:00,157.598,low
2024-12-27 05:57:00,157.675,high
2024-12-27 06:42:00,157.553,low
2024-12-27 07:59:00,157.769,high
2024-12-27 08:15:00,157.667,low
2024-12-27 09:30:00,157.83,high
2024-12-27 09:49:00,157.741,low
2024-12-27 10:25:00,157.917,high
2024-12-27 11:22:00,157.755,low
2024-12-27 11:37:00,157.898,high
2024-12-27 14:10:00,157.581,low
2024-12-27 15:20:00,157.867,high
2024-12-27 15:49:00,157.686,low
2024-12-27 16:55:00,157.893,high
2024-12-27 17:04:00,157.703,low
2024-12-27 17:30:00,157.877,high
2024-12-27 18:23:00,157.351,low
2024-12-27 19:55:00,157.842,high
2024-12-27 20:19:00,157.771,low
2024-12-27 21:59:00,157.943,high
2024-12-27 22:42:00,157.849,low
2024-12-27 23:09:00,157.924,high
2024-12-30 00:05:00,157.676,low
2024-12-30 00:44:00,157.749,high
2024-12-30 00:55:00,157.66,low
2024-12-30 01:39:00,157.903,high
2024-12-30 02:32:00,157.7,low
2024-12-30 02:55:00,157.987,high
2024-12-30 03:41:00,157.732,low
2024-12-30 03:59:00,157.797,high
2024-12-30 04:30:00,157.699,low
2024-12-30 05:11:00,157.848,high
2024-12-30 06:39:00,157.758,low
2024-12-30 08:11:00,158.068,high
2024-12-30 09:22:00,157.807,low
2024-12-30 10:16:00,157.933,high
2024-12-30 10:22:00,157.812,low
2024-12-30 11:19:00,157.984,high
2024-12-30 12:19:00,157.758,low
2024-12-30 12:31:00,157.829,high
2024-12-30 13:37:00,157.559,low
2024-12-30 13:53:00,157.651,high
2024-12-30 14:06:00,157.543,low
2024-12-30 14:20:00,157.652,high
2024-12-30 14:49:00,157.485,low
2024-12-30 15:24:00,157.644,high
2024-12-30 16:05:00,157.412,low
2024-12-30 16:21:00,157.552,high
2024-12-30 17:31:00,156.669,low
2024-12-30 17:57:00,157.279,high
2024-12-30 18:13:00,157.008,low
2024-12-30 19:03:00,157.352,high
2024-12-30 19:16:00,157.188,low
2024-12-30 19:37:00,157.28,high
2024-12-30 21:13:00,156.919,low
2024-12-30 22:01:00,157.114,high
2024-12-30 23:29:00,156.763,low
2024-12-30 23:48:00,156.879,high
2024-12-31 00:07:00,156.823,low
2024-12-31 01:17:00,157.067,high
2024-12-31 01:36:00,156.96,low
2024-12-31 02:05:00,157.032,high
2024-12-31 03:30:00,156.365,low
2024-12-31 04:23:00,156.51,high
2024-12-31 05:01:00,156.328,low
2024-12-31 05:07:00,156.484,high
2024-12-31 05:44:00,156.405,low
2024-12-31 05:55:00,156.468,high
2024-12-31 07:11:00,156.141,low
2024-12-31 07:25:00,156.22,high
2024-12-31 07:43:00,156.157,low
2024-12-31 07:58:00,156.242,high
2024-12-31 08:10:00,156.147,low
2024-12-31 08:59:00,156.377,high
2024-12-31 09:35:00,156.064,low
2024-12-31 10:00:00,156.256,high
2024-12-31 10:25:00,156.022,low
2024-12-31 10:32:00,156.224,high
2024-12-31 10:49:00,156.066,low
2024-12-31 12:25:00,156.964,high
2024-12-31 13:11:00,156.634,low
2024-12-31 13:58:00,156.817,high
2024-12-31 14:15:00,156.554,low
2024-12-31 15:08:00,156.956,high
2024-12-31 15:31:00,156.849,low
2024-12-31 15:56:00,157.088,high
2024-12-31 16:57:00,156.682,low
2024-12-31 19:22:00,157.545,high
2024-12-31 20:51:00,157.236,low
2024-12-31 21:02:00,157.313,high
2024-12-31 21:17:00,157.236,low
2024-12-31 22:35:00,157.38,high
2025-01-02 00:00:00,157.117,low
2025-01-02 01:59:00,157.776,high
2025-01-02 02:55:00,157.294,low
2025-01-02 03:33:00,157.665,high
2025-01-02 05:11:00,157.13,low
2025-01-02 05:52:00,157.278,high
2025-01-02 07:00:00,156.977,low
2025-01-02 08:00:00,157.213,high
2025-01-02 09:00:00,156.551,low
2025-01-02 09:30:00,156.748,high
2025-01-02 09:45:00,156.434,low
2025-01-02 10:02:00,156.827,high
2025-01-02 10:26:00,156.462,low
2025-01-02 11:05:00,156.921,high
2025-01-02 11:31:00,156.776,low
2025-01-02 12:17:00,156.979,high
2025-01-02 12:25:00,156.829,low
2025-01-02 13:46:00,157.287,high
2025-01-02 15:26:00,156.817,low
2025-01-02 15:33:00,157.24,high
2025-01-02 15:50:00,156.719,low
2025-01-02 16:14:00,157.098,high
2025-01-02 16:33:00,156.636,low
2025-01-02 17:04:00,157.141,high
2025-01-02 17:22:00,156.783,low
2025-01-02 18:48:00,157.753,high
2025-01-02 19:06:00,157.572,low
2025-01-02 19:26:00,157.85,high
2025-01-02 19:47:00,157.492,low
2025-01-02 20:08:00,157.635,high
2025-01-02 20:19:00,157.466,low
2025-01-02 21:56:00,157.677,high
2025-01-02 22:33:00,157.566,low
2025-01-02 23:00:00,157.63,high
2025-01-03 00:00:00,157.41,low
2025-01-03 01:36:00,157.568,high
2025-01-03 02:07:00,157.268,low
2025-01-03 02:40:00,157.402,high
2025-01-03 02:59:00,157.173,low
2025-01-03 03:37:00,157.408,high
2025-01-03 04:00:00,157.257,low
2025-01-03 04:21:00,157.359,high
2025-01-03 04:49:00,157.248,low
2025-01-03 05:50:00,157.459,high
2025-01-03 05:59:00,157.182,low
2025-01-03 06:26:00,157.387,high
2025-01-03 07:02:00,157.243,low
2025-01-03 07:18:00,157.356,high
2025-01-03 09:10:00,157.04,low
2025-01-03 09:40:00,157.268,high
2025-01-03 09:54:00,157.081,low
2025-01-03 10:43:00,157.426,high
2025-01-03 11:20:00,157.089,low
2025-01-03 11:55:00,157.279,high
2025-01-03 12:02:00,157.166,low
2025-01-03 13:14:00,157.389,high
2025-01-03 14:34:00,157.062,low
2025-01-03 14:57:00,157.198,high
2025-01-03 15:04:00,157.022,low
2025-01-03 15:23:00,157.228,high
2025-01-03 15:33:00,157.103,low
2025-01-03 16:40:00,157.313,high
2025-01-03 16:59:00,157.104,low
2025-01-03 17:30:00,157.496,high
2025-01-03 19:15:00,156.873,low
2025-01-03 20:04:00,157.244,high
2025-01-03 20:42:00,157.107,low
2025-01-03 20:53:00,157.2,high
2025-01-03 21:33:00,157.106,low
2025-01-03 22:01:00,157.242,high
2025-01-03 22:19:00,157.14,low
2025-01-03 23:41:00,157.375,high
2025-01-06 00:00:00,157.143,low
2025-01-06 00:24:00,157.224,high
2025-01-06 00:38:00,157.164,low
2025-01-06 01:15:00,157.527,high
2025-01-06 01:30:00,157.403,low
2025-01-06 02:40:00,157.829,high
2025-01-06 03:15:00,157.485,low
2025-01-06 03:46:00,157.672,high
2025-01-06 03:55:00,157.56,low
2025-01-06 04:40:00,157.774,high
2025-01-06 05:04:00,157.652,low
2025-01-06 05:49:00,157.784,high
2025-01-06 06:17:00,157.659,low
2025-01-06 07:18:00,157.805,high
2025-01-06 09:30:00,157.532,low
2025-01-06 10:38:00,157.768,high
2025-01-06 11:01:00,157.588,low
2025-01-06 11:17:00,157.741,high
2025-01-06 11:33:00,157.665,low
2025-01-06 13:07:00,157.963,high
2025-01-06 14:05:00,156.838,low
2025-01-06 14:21:00,157.173,high
2025-01-06 15:28:00,156.238,low
2025-01-06 15:44:00,156.731,high
2025-01-06 16:05:00,156.465,low
2025-01-06 17:49:00,157.658,high
2025-01-06 18:30:00,157.346,low
2025-01-06 18:53:00,157.612,high
2025-01-06 19:26:00,157.501,low
2025-01-06 19:48:00,157.601,high
2025-01-06 19:58:00,157.469,low
2025-01-06 20:04:00,157.669,high
2025-01-06 20:31:00,157.435,low
2025-01-06 21:14:00,157.591,high
2025-01-06 21:40:00,157.474,low
2025-01-06 23:18:00,157.664,high
2025-01-07 00:10:00,157.48,low
2025-01-07 01:33:00,157.81,high
2025-01-07 01:52:00,157.714,low
2025-01-07 02:33:00,158.177,high
2025-01-07 02:50:00,157.97,low
2025-01-07 03:36:00,158.415,high
2025-01-07 04:04:00,158.14,low
2025-01-07 04:38:00,158.318,high
2025-01-07 06:35:00,158.013,low
2025-01-07 07:12:00,158.156,high
2025-01-07 08:09:00,157.681,low
2025-01-07 08:46:00,157.847,high
2025-01-07 10:15:00,157.4,low
2025-01-07 10:40:00,157.604,high
2025-01-07 11:00:00,157.359,low
2025-01-07 11:41:00,157.682,high
2025-01-07 11:51:00,157.498,low
2025-01-07 13:23:00,157.85,high
2025-01-07 13:53:00,157.621,low
2025-01-07 14:16:00,157.85,high
2025-01-07 15:15:00,157.581,low
2025-01-07 15:51:00,157.783,high
2025-01-07 16:06:00,157.535,low
2025-01-07 17:10:00,158.426,high
2025-01-07 18:12:00,157.836,low
2025-01-07 18:26:00,158.045,high
2025-01-07 18:32:00,157.617,low
2025-01-07 18:57:00,157.9,high
2025-01-07 19:33:00,157.623,low
2025-01-07 20:13:00,157.782,high
2025-01-07 20:20:00,157.585,low
2025-01-07 20:44:00,157.916,high
2025-01-07 22:07:00,157.74,low
2025-01-07 23:55:00,158.092,high
2025-01-08 00:29:00,157.958,low
2025-01-08 01:13:00,158.223,high
2025-01-08 01:32:00,158.121,low
2025-01-08 01:40:00,158.244,high
2025-01-08 02:31:00,157.902,low
2025-01-08 02:59:00,158.173,high
2025-01-08 03:33:00,157.932,low
2025-01-08 03:48:00,158.067,high
2025-01-08 04:00:00,157.932,low
2025-01-08 07:08:00,158.269,high
2025-01-08 09:25:00,157.927,low
2025-01-08 10:34:00,158.287,high
2025-01-08 11:06:00,158.052,low
2025-01-08 13:40:00,158.554,high
2025-01-08 13:53:00,158.349,low
2025-01-08 14:38:00,158.547,high
2025-01-08 15:30:00,158.177,low
2025-01-08 15:42:00,158.374,high
2025-01-08 16:01:00,158.145,low
2025-01-08 16:37:00,158.467,high
2025-01-08 17:15:00,158.219,low
2025-01-08 18:03:00,158.444,high
2025-01-08 18:24:00,158.29,low
2025-01-08 18:47:00,158.418,high
2025-01-08 19:00:00,158.31,low
2025-01-08 19:43:00,158.499,high
2025-01-08 20:03:00,158.273,low
2025-01-08 21:01:00,158.519,high
2025-01-08 21:29:00,158.355,low
2025-01-08 21:53:00,158.497,high
2025-01-08 22:48:00,158.332,low
2025-01-08 23:37:00,158.434,high
2025-01-09 00:06:00,158.216,low
2025-01-09 01:10:00,158.398,high
2025-01-09 02:06:00,158.099,low
2025-01-09 02:54:00,158.326,high
2025-01-09 04:21:00,157.99,low
2025-01-09 04:38:00,158.125,high
2025-01-09 05:26:00,157.916,low
2025-01-09 05:51:00,158.011,high
2025-01-09 06:24:00,157.764,low
2025-01-09 07:05:00,158.136,high
2025-01-09 07:24:00,157.995,low
2025-01-09 07:42:00,158.146,high
2025-01-09 08:00:00,158.034,low
2025-01-09 08:11:00,158.196,high
2025-01-09 08:28:00,158.097,low
2025-01-09 09:06:00,158.197,high
2025-01-09 09:44:00,158.025,low
2025-01-09 10:03:00,158.285,high
2025-01-09 10:24:00,158.061,low
2025-01-09 11:01:00,158.177,high
2025-01-09 11:36:00,158.011,low
2025-01-09 11:49:00,158.117,high
2025-01-09 12:25:00,157.957,low
2025-01-09 12:45:00,158.094,high
2025-01-09 13:45:00,157.823,low
2025-01-09 14:00:00,157.931,high
2025-01-09 14:24:00,157.651,low
2025-01-09 15:20:00,157.845,high
2025-01-09 15:45:00,157.574,low
2025-01-09 18:09:00,158.027,high
2025-01-09 18:44:00,157.924,low
2025-01-09 20:10:00,158.164,high
2025-01-09 21:01:00,158.059,low
2025-01-09 23:02:00,158.136,high
2025-01-09 23:27:00,158.083,low
2025-01-10 00:27:00,158.164,high
2025-01-10 01:15:00,158.058,low
2025-01-10 01:35:00,158.153,high
2025-01-10 02:00:00,158.0,low
2025-01-10 02:13:00,158.228,high
2025-01-10 03:03:00,157.934,low
2025-01-10 04:40:00,158.282,high
2025-01-10 05:45:00,158.181,low
2025-01-10 07:34:00,158.423,high
2025-01-10 07:39:00,158.362,low
2025-01-10 08:05:00,158.424,high
2025-01-10 09:12:00,158.261,low
2025-01-10 09:50:00,158.445,high
2025-01-10 11:10:00,157.625,low
2025-01-10 11:58:00,157.948,high
2025-01-10 12:25:00,157.862,low
2025-01-10 13:14:00,158.171,high
2025-01-10 14:52:00,157.895,low
2025-01-10 15:06:00,158.057,high
2025-01-10 15:24:00,157.903,low
2025-01-10 15:34:00,158.879,high
2025-01-10 16:44:00,157.765,low
2025-01-10 17:03:00,158.163,high
2025-01-10 17:25:00,157.228,low
2025-01-10 18:21:00,157.875,high
2025-01-10 18:41:00,157.564,low
2025-01-10 19:26:00,157.801,high
2025-01-10 19:44:00,157.579,low
2025-01-10 20:37:00,157.958,high
2025-01-10 20:45:00,157.834,low
2025-01-10 21:02:00,157.985,high
2025-01-10 21:16:00,157.836,low
2025-01-10 21:31:00,157.925,high
2025-01-10 21:50:00,157.807,low
2025-01-10 22:11:00,157.935,high
2025-01-10 23:04:00,157.686,low
2025-01-10 23:43:00,157.797,high
2025-01-13 00:59:00,157.687,low
2025-01-13 02:24:00,157.966,high
2025-01-13 03:48:00,157.269,low
2025-01-13 04:40:00,157.651,high
2025-01-13 05:00:00,157.492,low
2025-01-13 05:29:00,157.643,high
2025-01-13 05:56:00,157.408,low
2025-01-13 06:30:00,157.555,high
2025-01-13 06:35:00,157.456,low
2025-01-13 06:54:00,157.584,high
2025-01-13 07:43:00,157.282,low
2025-01-13 07:58:00,157.423,high
2025-01-13 08:05:00,157.247,low
2025-01-13 08:49:00,157.597,high
2025-01-13 09:20:00,157.302,low
2025-01-13 09:44:00,157.465,high
2025-01-13 09:50:00,157.297,low
2025-01-13 10:37:00,157.669,high
2025-01-13 12:06:00,157.012,low
2025-01-13 13:00:00,157.47,high
2025-01-13 13:16:00,157.221,low
2025-01-13 14:03:00,157.462,high
2025-01-13 14:56:00,156.927,low
2025-01-13 15:11:00,157.15,high
2025-01-13 15:24:00,156.912,low
2025-01-13 16:01:00,157.309,high
2025-01-13 16:16:00,157.104,low
2025-01-13 18:22:00,157.789,high
2025-01-13 20:00:00,157.295,low
2025-01-13 21:59:00,157.819,high
2025-01-13 22:40:00,157.61,low
2025-01-13 23:06:00,157.697,high
2025-01-14 00:25:00,157.272,low
2025-01-14 00:45:00,157.437,high
2025-01-14 00:54:00,157.169,low
2025-01-14 01:05:00,157.453,high
2025-01-14 01:34:00,157.117,low
2025-01-14 01:52:00,157.382,high
2025-01-14 02:07:00,157.144,low
2025-01-14 03:06:00,157.582,high
2025-01-14 03:30:00,157.053,low
2025-01-14 03:32:00,158.031,high
2025-01-14 03:59:00,157.415,low
2025-01-14 05:10:00,157.749,high
2025-01-14 05:15:00,157.583,low
2025-01-14 05:10:00,157.749,high
2025-01-14 06:53:00,157.463,low
2025-01-14 07:30:00,157.721,high
2025-01-14 07:47:00,157.475,low
2025-01-14 08:10:00,157.699,high
2025-01-14 08:32:00,157.529,low
2025-01-14 08:52:00,157.646,high
2025-01-14 09:18:00,157.298,low
2025-01-14 09:49:00,157.555,high
2025-01-14 10:06:00,157.411,low
2025-01-14 10:14:00,157.537,high
2025-01-14 10:22:00,157.389,low
2025-01-14 11:41:00,158.028,high
2025-01-14 11:51:00,157.883,low
2025-01-14 12:12:00,157.981,high
2025-01-14 12:16:00,157.833,low
2025-01-14 12:35:00,157.972,high
2025-01-14 12:56:00,157.833,low
2025-01-14 13:24:00,157.956,high
2025-01-14 13:49:00,157.84,low
2025-01-14 14:13:00,158.131,high
2025-01-14 15:01:00,157.693,low
2025-01-14 15:27:00,157.926,high
2025-01-14 15:30:00,157.402,low
2025-01-14 16:05:00,157.918,high
2025-01-14 16:40:00,157.624,low
2025-01-14 17:38:00,158.152,high
2025-01-14 18:09:00,157.832,low
2025-01-14 18:30:00,158.08,high
2025-01-14 19:00:00,157.903,low
2025-01-14 19:49:00,158.196,high
2025-01-14 20:40:00,157.978,low
2025-01-14 21:12:00,158.075,high
2025-01-14 22:04:00,157.869,low
2025-01-14 23:13:00,158.02,high
2025-01-15 00:00:00,157.869,low
2025-01-15 02:02:00,158.082,high
2025-01-15 02:34:00,157.898,low
2025-01-15 02:54:00,158.058,high
2025-01-15 03:46:00,157.828,low
2025-01-15 04:56:00,157.973,high
2025-01-15 05:34:00,157.846,low
2025-01-15 05:47:00,157.929,high
2025-01-15 05:58:00,157.861,low
2025-01-15 06:18:00,157.935,high
2025-01-15 07:43:00,157.191,low
2025-01-15 08:20:00,157.445,high
2025-01-15 10:13:00,156.72,low
2025-01-15 10:50:00,157.212,high
2025-01-15 11:48:00,156.709,low
2025-01-15 12:05:00,156.929,high
2025-01-15 13:03:00,156.715,low
2025-01-15 13:50:00,157.062,high
2025-01-15 14:30:00,156.856,low
2025-01-15 15:25:00,157.089,high
2025-01-15 16:27:00,155.931,low
2025-01-15 17:06:00,156.528,high
2025-01-15 17:34:00,156.078,low
2025-01-15 18:37:00,156.734,high
2025-01-15 19:31:00,156.478,low
2025-01-15 19:51:00,156.586,high
2025-01-15 20:21:00,156.404,low
2025-01-15 21:13:00,156.567,high
2025-01-15 22:34:00,156.41,low
2025-01-15 23:29:00,156.553,high
2025-01-16 00:01:00,156.32,low
2025-01-16 01:03:00,156.403,high
2025-01-16 02:00:00,156.193,low
2025-01-16 02:30:00,156.456,high
2025-01-16 02:36:00,156.27,low
2025-01-16 02:49:00,156.528,high
2025-01-16 04:02:00,155.206,low
2025-01-16 04:24:00,155.777,high
2025-01-16 04:43:00,155.547,low
2025-01-16 05:20:00,155.845,high
2025-01-16 06:06:00,155.605,low
2025-01-16 08:38:00,156.313,high
2025-01-16 09:22:00,156.049,low
2025-01-16 09:39:00,156.138,high
2025-01-16 09:46:00,156.027,low
2025-01-16 09:55:00,156.242,high
2025-01-16 10:21:00,155.86,low
2025-01-16 10:35:00,156.095,high
2025-01-16 11:59:00,155.611,low
2025-01-16 12:18:00,155.768,high
2025-01-16 13:04:00,155.647,low
2025-01-16 13:13:00,155.815,high
2025-01-16 13:27:00,155.736,low
2025-01-16 15:32:00,156.365,high
2025-01-16 15:52:00,155.848,low
2025-01-16 16:09:00,156.156,high
2025-01-16 16:42:00,155.897,low
2025-01-16 17:04:00,156.195,high
2025-01-16 18:13:00,155.232,low
2025-01-16 18:18:00,155.557,high
2025-01-16 18:43:00,155.104,low
2025-01-16 19:08:00,155.512,high
2025-01-16 20:17:00,155.15,low
2025-01-16 20:58:00,155.386,high
2025-01-16 21:38:00,155.172,low
2025-01-16 22:01:00,155.316,high
2025-01-17 00:07:00,155.051,low
2025-01-17 02:08:00,155.485,high
2025-01-17 02:51:00,154.977,low
2025-01-17 03:03:00,155.376,high
2025-01-17 03:23:00,155.173,low
2025-01-17 03:41:00,155.339,high
2025-01-17 03:51:00,155.146,low
2025-01-17 04:15:00,155.352,high
2025-01-17 04:34:00,155.233,low
2025-01-17 04:57:00,155.461,high
2025-01-17 05:27:00,155.348,low
2025-01-17 06:11:00,155.496,high
2025-01-17 06:34:00,155.383,low
2025-01-17 06:49:00,155.472,high
2025-01-17 07:10:00,155.363,low
2025-01-17 07:44:00,155.689,high
2025-01-17 08:02:00,155.519,low
2025-01-17 08:36:00,155.739,high
2025-01-17 09:10:00,155.528,low
2025-01-17 09:30:00,155.772,high
2025-01-17 10:12:00,155.409,low
2025-01-17 10:59:00,155.725,high
2025-01-17 11:09:00,155.409,low
2025-01-17 11:44:00,155.848,high
2025-01-17 12:13:00,155.608,low
2025-01-17 13:01:00,155.804,high
2025-01-17 13:34:00,155.635,low
2025-01-17 13:48:00,155.725,high
2025-01-17 14:27:00,155.589,low
2025-01-17 14:45:00,155.751,high
2025-01-17 15:18:00,155.556,low
2025-01-17 16:46:00,156.195,high
2025-01-17 17:11:00,155.78,low
2025-01-17 18:26:00,156.348,high
2025-01-17 18:43:00,156.204,low
2025-01-17 18:56:00,156.374,high
2025-01-17 19:14:00,156.244,low
2025-01-17 19:29:00,156.343,high
2025-01-17 20:21:00,156.122,low
2025-01-17 20:37:00,156.227,high
2025-01-17 21:11:00,156.129,low
2025-01-17 21:27:00,156.229,high
2025-01-17 22:01:00,156.107,low
2025-01-17 23:13:00,156.27,high
2025-01-17 23:29:00,156.179,low
2025-01-17 23:52:00,156.305,high
2025-01-20 00:04:00,156.164,low
2025-01-20 01:23:00,156.585,high
2025-01-20 02:26:00,156.058,low
2025-01-20 02:44:00,156.193,high
2025-01-20 03:11:00,155.866,low
2025-01-20 03:43:00,156.109,high
2025-01-20 03:57:00,155.877,low
2025-01-20 04:12:00,156.051,high
2025-01-20 05:55:00,155.708,low
2025-01-20 07:28:00,156.057,high
2025-01-20 07:51:00,155.958,low
2025-01-20 09:06:00,156.285,high
2025-01-20 10:03:00,155.947,low
2025-01-20 10:28:00,156.183,high
2025-01-20 10:42:00,155.996,low
2025-01-20 11:36:00,156.363,high
2025-01-20 12:12:00,156.234,low
2025-01-20 13:11:00,156.459,high
2025-01-20 13:24:00,156.316,low
2025-01-20 13:44:00,156.438,high
2025-01-20 14:07:00,156.282,low
2025-01-20 14:29:00,156.46,high
2025-01-20 14:33:00,156.326,low
2025-01-20 15:30:00,156.481,high
2025-01-20 16:04:00,155.549,low
2025-01-20 16:12:00,155.918,high
2025-01-20 16:04:00,155.549,low
2025-01-20 16:12:00,155.918,high
2025-01-20 16:44:00,155.414,low
2025-01-20 17:46:00,155.934,high
2025-01-20 18:51:00,155.599,low
2025-01-20 19:25:00,156.062,high
2025-01-20 19:39:00,155.63,low
2025-01-20 20:21:00,155.901,high
2025-01-20 21:01:00,155.691,low
2025-01-20 21:32:00,155.777,high
2025-01-20 22:14:00,155.495,low
2025-01-20 22:30:00,155.62,high
2025-01-20 22:37:00,155.53,low
2025-01-20 23:05:00,155.692,high
2025-01-20 23:15:00,155.511,low
2025-01-20 23:35:00,155.723,high
2025-01-21 00:05:00,155.523,low
2025-01-21 01:01:00,155.656,high
2025-01-21 01:18:00,155.32,low
2025-01-21 01:39:00,155.518,high
2025-01-21 02:21:00,154.898,low
2025-01-21 02:56:00,156.233,high
2025-01-21 04:46:00,154.954,low
2025-01-21 05:06:00,155.245,high
2025-01-21 05:23:00,154.771,low
2025-01-21 05:59:00,155.215,high
2025-01-21 06:32:00,154.951,low
2025-01-21 06:46:00,155.186,high
2025-01-21 07:01:00,155.005,low
2025-01-21 10:08:00,155.775,high
2025-01-21 10:18:00,155.637,low
2025-01-21 10:40:00,155.755,high
2025-01-21 10:50:00,155.613,low
2025-01-21 11:04:00,155.886,high
2025-01-21 11:22:00,155.706,low
2025-01-21 12:12:00,155.961,high
2025-01-21 12:27:00,155.807,low
2025-01-21 12:59:00,156.003,high
2025-01-21 13:12:00,155.887,low
2025-01-21 13:25:00,156.053,high
2025-01-21 14:36:00,155.713,low
2025-01-21 14:55:00,155.913,high
2025-01-21 16:26:00,155.382,low
2025-01-21 17:06:00,155.733,high
2025-01-21 17:50:00,155.252,low
2025-01-21 18:24:00,155.576,high
2025-01-21 18:40:00,155.421,low
2025-01-21 18:54:00,155.563,high
2025-01-21 19:35:00,155.418,low
2025-01-21 20:00:00,155.596,high
2025-01-21 20:40:00,155.426,low
2025-01-21 22:01:00,155.595,high
2025-01-21 22:09:00,155.531,low
2025-01-21 22:26:00,155.591,high
2025-01-22 00:00:00,155.424,low
2025-01-22 00:23:00,155.512,high
2025-01-22 00:50:00,155.411,low
2025-01-22 01:10:00,155.835,high
2025-01-22 01:28:00,155.637,low
2025-01-22 01:51:00,155.789,high
2025-01-22 02:51:00,155.354,low
2025-01-22 04:06:00,155.736,high
2025-01-22 04:19:00,155.63,low
2025-01-22 04:28:00,155.764,high
2025-01-22 04:51:00,155.631,low
2025-01-22 05:48:00,155.96,high
2025-01-22 06:50:00,155.715,low
2025-01-22 07:26:00,155.954,high
2025-01-22 08:09:00,155.683,low
2025-01-22 08:40:00,155.977,high
2025-01-22 09:08:00,155.8,low
2025-01-22 10:01:00,156.113,high
2025-01-22 10:39:00,155.548,low
2025-01-22 11:20:00,155.826,high
2025-01-22 11:30:00,155.654,low
2025-01-22 11:52:00,155.745,high
2025-01-22 12:10:00,155.632,low
2025-01-22 12:53:00,155.787,high
2025-01-22 13:10:00,155.718,low
2025-01-22 14:30:00,156.054,high
2025-01-22 15:20:00,155.745,low
2025-01-22 15:42:00,155.97,high
2025-01-22 16:02:00,155.813,low
2025-01-22 19:23:00,156.709,high
2025-01-22 20:28:00,156.501,low
2025-01-22 20:54:00,156.601,high
2025-01-22 21:09:00,156.474,low
2025-01-22 21:24:00,156.545,high
2025-01-22 21:52:00,156.482,low
2025-01-22 21:56:00,156.557,high
2025-01-22 22:19:00,156.444,low
2025-01-22 23:19:00,156.591,high
2025-01-23 01:00:00,156.381,low
2025-01-23 01:27:00,156.519,high
2025-01-23 02:07:00,156.312,low
2025-01-23 02:38:00,156.435,high
2025-01-23 03:09:00,156.285,low
2025-01-23 04:10:00,156.61,high
2025-01-23 04:23:00,156.45,low
2025-01-23 05:30:00,156.558,high
2025-01-23 06:04:00,156.474,low
2025-01-23 07:31:00,156.752,high
2025-01-23 08:40:00,156.484,low
2025-01-23 09:00:00,156.639,high
2025-01-23 09:15:00,156.525,low
2025-01-23 09:50:00,156.688,high
2025-01-23 10:17:00,156.459,low
2025-01-23 10:34:00,156.595,high
2025-01-23 11:04:00,156.4,low
2025-01-23 11:27:00,156.55,high
2025-01-23 12:16:00,156.203,low
2025-01-23 14:10:00,156.597,high
2025-01-23 15:41:00,156.103,low
2025-01-23 16:41:00,156.404,high
2025-01-23 17:09:00,156.158,low
2025-01-23 17:31:00,156.474,high
2025-01-23 18:45:00,155.863,low
2025-01-23 19:09:00,156.129,high
2025-01-23 20:16:00,155.877,low
2025-01-23 21:03:00,156.036,high
2025-01-23 21:52:00,155.742,low
2025-01-23 23:18:00,156.046,high
2025-01-24 01:00:00,155.961,low
2025-01-24 01:54:00,156.18,high
2025-01-24 02:15:00,156.006,low
2025-01-24 02:27:00,156.156,high
2025-01-24 02:45:00,156.051,low
2025-01-24 02:59:00,156.278,high
2025-01-24 03:12:00,156.136,low
2025-01-24 04:10:00,156.375,high
2025-01-24 05:23:00,155.812,low
2025-01-24 05:24:00,156.413,high
2025-01-24 05:30:00,155.72,low
2025-01-24 05:24:00,156.413,high
2025-01-24 06:25:00,155.002,low
2025-01-24 06:44:00,155.294,high
2025-01-24 06:54:00,155.049,low
2025-01-24 07:38:00,155.469,high
2025-01-24 08:42:00,154.843,low
2025-01-24 08:44:00,155.726,high
2025-01-24 09:05:00,155.316,low
2025-01-24 09:14:00,155.624,high
2025-01-24 09:33:00,155.298,low
2025-01-24 09:42:00,155.574,high
2025-01-24 10:25:00,154.939,low
2025-01-24 10:57:00,155.449,high
2025-01-24 11:05:00,155.192,low
2025-01-24 10:57:00,155.449,high
2025-01-24 11:21:00,155.118,low
2025-01-24 13:12:00,156.098,high
2025-01-24 13:31:00,155.904,low
2025-01-24 14:13:00,156.295,high
2025-01-24 14:26:00,156.062,low
2025-01-24 15:10:00,156.578,high
2025-01-24 15:48:00,156.241,low
2025-01-24 16:05:00,156.438,high
2025-01-24 16:13:00,156.19,low
2025-01-24 16:44:00,156.487,high
2025-01-24 17:52:00,155.627,low
2025-01-24 18:17:00,155.814,high
2025-01-24 18:34:00,155.603,low
2025-01-24 18:52:00,155.776,high
2025-01-24 19:18:00,155.515,low
2025-01-24 20:50:00,156.024,high
2025-01-24 21:51:00,155.779,low
2025-01-24 22:40:00,155.983,high
2025-01-24 22:59:00,155.882,low
2025-01-24 23:30:00,155.951,high
2025-01-27 00:00:00,155.454,low
2025-01-27 01:00:00,155.836,high
2025-01-27 01:24:00,155.572,low
2025-01-27 02:09:00,155.847,high
2025-01-27 03:07:00,155.288,low
2025-01-27 03:37:00,155.603,high
2025-01-27 03:50:00,155.397,low
2025-01-27 07:20:00,156.097,high
2025-01-27 07:45:00,155.936,low
2025-01-27 08:15:00,156.247,high
2025-01-27 09:35:00,155.682,low
2025-01-27 10:00:00,155.911,high
2025-01-27 11:17:00,154.465,low
2025-01-27 11:37:00,154.885,high
2025-01-27 13:31:00,153.712,low
2025-01-27 13:41:00,154.089,high
2025-01-27 13:53:00,153.836,low
2025-01-27 14:24:00,154.232,high
2025-01-27 14:55:00,153.895,low
2025-01-27 15:30:00,154.462,high
2025-01-27 16:10:00,153.953,low
2025-01-27 17:02:00,154.499,high
2025-01-27 17:20:00,154.231,low
2025-01-27 17:41:00,154.682,high
2025-01-27 18:41:00,154.102,low
2025-01-27 19:13:00,154.382,high
2025-01-27 19:22:00,154.173,low
2025-01-27 19:38:00,154.432,high
2025-01-27 20:05:00,154.221,low
2025-01-27 20:31:00,154.587,high
2025-01-27 20:56:00,154.374,low
2025-01-27 21:33:00,154.722,high
2025-01-27 21:51:00,154.464,low
2025-01-27 22:48:00,154.699,high
2025-01-28 00:00:00,154.429,low
2025-01-28 01:27:00,154.983,high
2025-01-28 01:44:00,154.767,low
2025-01-28 02:26:00,155.148,high
2025-01-28 02:51:00,154.902,low
2025-01-28 03:26:00,155.466,high
2025-01-28 03:45:00,155.251,low
2025-01-28 03:58:00,155.639,high
2025-01-28 04:31:00,155.399,low
2025-01-28 04:47:00,155.669,high
2025-01-28 05:03:00,155.487,low
2025-01-28 05:23:00,155.721,high
2025-01-28 05:46:00,155.5,low
2025-01-28 06:17:00,155.947,high
2025-01-28 07:37:00,155.648,low
2025-01-28 07:55:00,155.755,high
2025-01-28 08:28:00,155.519,low
2025-01-28 08:54:00,155.845,high
2025-01-28 09:08:00,155.672,low
2025-01-28 09:53:00,155.977,high
2025-01-28 10:17:00,155.551,low
2025-01-28 10:40:00,155.709,high
2025-01-28 10:45:00,155.571,low
2025-01-28 11:25:00,155.819,high
2025-01-28 11:32:00,155.252,low
2025-01-28 11:57:00,155.544,high
2025-01-28 12:45:00,155.207,low
2025-01-28 13:00:00,155.498,high
2025-01-28 13:33:00,155.247,low
2025-01-28 14:09:00,155.486,high
2025-01-28 15:01:00,155.249,low
2025-01-28 15:12:00,155.429,high
2025-01-28 15:30:00,155.218,low
2025-01-28 15:52:00,155.565,high
2025-01-28 16:48:00,155.047,low
2025-01-28 18:01:00,155.759,high
2025-01-28 18:30:00,155.581,low
2025-01-28 18:50:00,155.704,high
2025-01-28 19:46:00,155.552,low
2025-01-28 20:09:00,155.65,high
2025-01-28 20:32:00,155.519,low
2025-01-28 21:16:00,155.729,high
2025-01-28 21:59:00,155.507,low
2025-01-28 22:11:00,155.6,high
2025-01-28 22:57:00,155.491,low
2025-01-28 23:35:00,155.562,high
2025-01-29 00:00:00,155.443,low
2025-01-29 01:47:00,155.616,high
2025-01-29 02:11:00,155.431,low
2025-01-29 02:20:00,155.634,high
2025-01-29 02:53:00,155.495,low
2025-01-29 03:09:00,155.789,high
2025-01-29 03:36:00,155.638,low
2025-01-29 04:02:00,155.78,high
2025-01-29 05:47:00,155.323,low
2025-01-29 05:59:00,155.456,high
2025-01-29 06:12:00,155.311,low
2025-01-29 06:26:00,155.391,high
2025-01-29 07:58:00,155.001,low
2025-01-29 08:41:00,155.316,high
2025-01-29 09:01:00,155.16,low
2025-01-29 09:07:00,155.331,high
2025-01-29 09:19:00,155.139,low
2025-01-29 09:34:00,155.406,high
2025-01-29 10:17:00,155.007,low
2025-01-29 10:30:00,155.256,high
2025-01-29 11:02:00,155.091,low
2025-01-29 11:24:00,155.311,high
2025-01-29 11:39:00,155.169,low
2025-01-29 12:18:00,155.453,high
2025-01-29 12:32:00,155.317,low
2025-01-29 13:01:00,155.413,high
2025-01-29 13:05:00,155.324,low
2025-01-29 13:44:00,155.522,high
2025-01-29 14:04:00,155.322,low
2025-01-29 14:18:00,155.496,high
2025-01-29 15:05:00,155.298,low
2025-01-29 15:26:00,155.429,high
2025-01-29 15:38:00,155.252,low
2025-01-29 15:57:00,155.464,high
2025-01-29 17:19:00,155.046,low
2025-01-29 17:33:00,155.23,high
2025-01-29 17:57:00,154.939,low
2025-01-29 18:45:00,155.241,high
2025-01-29 20:13:00,155.0,low
2025-01-29 21:36:00,155.61,high
2025-01-29 21:52:00,155.087,low
2025-01-29 22:50:00,155.39,high
2025-01-29 23:13:00,155.189,low
2025-01-29 23:37:00,155.328,high
2025-01-30 00:00:00,155.077,low
2025-01-30 00:26:00,155.204,high
2025-01-30 00:45:00,155.117,low
2025-01-30 01:12:00,155.244,high
2025-01-30 01:45:00,155.035,low
2025-01-30 02:00:00,155.2,high
2025-01-30 03:18:00,154.458,low
2025-01-30 03:35:00,154.69,high
2025-01-30 04:34:00,154.282,low
2025-01-30 04:49:00,154.475,high
2025-01-30 05:03:00,154.314,low
2025-01-30 06:50:00,154.68,high
2025-01-30 07:12:00,154.507,low
2025-01-30 07:21:00,154.628,high
2025-01-30 07:39:00,154.415,low
2025-01-30 08:27:00,154.736,high
2025-01-30 08:55:00,154.358,low
2025-01-30 09:23:00,154.561,high
2025-01-30 09:42:00,154.445,low
2025-01-30 09:51:00,154.636,high
2025-01-30 10:12:00,154.472,low
2025-01-30 10:31:00,154.647,high
2025-01-30 11:20:00,154.317,low
2025-01-30 12:04:00,154.537,high
2025-01-30 12:27:00,154.353,low
2025-01-30 13:02:00,154.603,high
2025-01-30 13:45:00,154.423,low
2025-01-30 14:05:00,154.597,high
2025-01-30 15:27:00,153.959,low
2025-01-30 15:36:00,154.267,high
2025-01-30 15:58:00,153.834,low
2025-01-30 16:31:00,154.223,high
2025-01-30 17:17:00,153.788,low
2025-01-30 18:57:00,154.477,high
2025-01-30 19:34:00,154.261,low
2025-01-30 20:46:00,154.494,high
2025-01-30 22:21:00,153.995,low
2025-01-30 22:44:00,154.453,high
2025-01-30 23:03:00,154.19,low
2025-01-30 23:09:00,154.459,high
2025-01-31 00:00:00,154.087,low
2025-01-31 01:10:00,154.503,high
2025-01-31 02:06:00,154.021,low
2025-01-31 02:50:00,154.363,high
2025-01-31 03:31:00,153.914,low
2025-01-31 04:01:00,154.217,high
2025-01-31 04:25:00,153.932,low
2025-01-31 05:56:00,154.424,high
2025-01-31 06:30:00,154.312,low
2025-01-31 07:42:00,154.876,high
2025-01-31 08:00:00,154.643,low
2025-01-31 08:13:00,154.932,high
2025-01-31 08:39:00,154.651,low
2025-01-31 08:52:00,154.773,high
2025-01-31 09:06:00,154.578,low
2025-01-31 09:27:00,154.764,high
2025-01-31 09:36:00,154.583,low
2025-01-31 10:09:00,154.81,high
2025-01-31 10:17:00,154.555,low
2025-01-31 10:32:00,154.767,high
2025-01-31 11:05:00,154.487,low
2025-01-31 12:15:00,154.784,high
2025-01-31 12:38:00,154.674,low
2025-01-31 12:52:00,154.751,high
2025-01-31 13:22:00,154.607,low
2025-01-31 15:10:00,154.911,high
2025-01-31 15:28:00,154.748,low
2025-01-31 15:35:00,155.02,high
2025-01-31 15:46:00,154.737,low
2025-01-31 16:17:00,154.977,high
2025-01-31 17:26:00,154.524,low
2025-01-31 18:12:00,154.968,high
2025-01-31 18:24:00,154.832,low
2025-01-31 18:51:00,155.005,high
2025-01-31 19:22:00,154.662,low
2025-01-31 19:37:00,154.814,high
2025-01-31 19:54:00,154.725,low
2025-01-31 20:31:00,155.221,high
2025-01-31 20:45:00,154.97,low
2025-01-31 21:00:00,155.145,high
2025-01-31 21:30:00,155.008,low
2025-01-31 22:05:00,155.203,high
2025-01-31 22:27:00,155.113,low
2025-01-31 22:54:00,155.211,high
2025-01-31 23:06:00,155.023,low
2025-01-31 23:50:00,155.204,high
2025-02-03 00:01:00,154.719,low
2025-02-03 00:27:00,155.105,high
2025-02-03 00:36:00,154.866,low
2025-02-03 01:25:00,155.44,high
2025-02-03 01:52:00,155.108,low
2025-02-03 03:04:00,155.883,high
2025-02-03 03:44:00,155.649,low
2025-02-03 04:09:00,155.876,high
2025-02-03 04:59:00,155.467,low
2025-02-03 05:42:00,155.76,high
2025-02-03 06:01:00,155.568,low
2025-02-03 06:22:00,155.75,high
2025-02-03 06:41:00,155.628,low
2025-02-03 06:49:00,155.73,high
2025-02-03 07:46:00,155.462,low
2025-02-03 08:01:00,155.612,high
2025-02-03 08:35:00,155.29,low
2025-02-03 10:08:00,155.714,high
2025-02-03 12:00:00,155.0,low
2025-02-03 12:25:00,155.13,high
2025-02-03 12:51:00,154.834,low
2025-02-03 13:04:00,154.965,high
2025-02-03 14:33:00,154.287,low
2025-02-03 15:46:00,154.835,high
2025-02-03 16:35:00,154.374,low
2025-02-03 17:00:00,154.708,high
2025-02-03 17:22:00,154.008,low
2025-02-03 17:32:00,154.863,high
2025-02-03 17:50:00,154.554,low
2025-02-03 18:03:00,154.866,high
2025-02-03 18:35:00,154.543,low
2025-02-03 18:58:00,154.747,high
2025-02-03 19:12:00,154.576,low
2025-02-03 20:56:00,155.014,high
2025-02-03 21:05:00,154.855,low
2025-02-03 21:34:00,155.002,high
2025-02-03 22:31:00,154.654,low
2025-02-03 22:53:00,154.789,high
2025-02-03 23:20:00,154.655,low
2025-02-03 23:37:00,154.902,high
2025-02-03 23:45:00,154.538,low
2025-02-04 00:04:00,154.699,high
2025-02-04 00:00:00,154.68,low
2025-02-04 02:37:00,155.407,high
2025-02-04 02:53:00,155.204,low
2025-02-04 03:11:00,155.396,high
2025-02-04 03:16:00,155.146,low
2025-02-04 03:37:00,155.343,high
2025-02-04 03:56:00,155.045,low
2025-02-04 04:30:00,155.253,high
2025-02-04 04:50:00,155.036,low
2025-02-04 05:42:00,155.303,high
2025-02-04 06:01:00,155.185,low
2025-02-04 07:01:00,155.331,high
2025-02-04 07:07:00,154.826,low
2025-02-04 08:27:00,155.391,high
2025-02-04 08:45:00,155.158,low
2025-02-04 09:35:00,155.361,high
2025-02-04 09:44:00,155.17,low
2025-02-04 10:18:00,155.526,high
2025-02-04 10:48:00,155.126,low
2025-02-04 11:01:00,155.323,high
2025-02-04 11:35:00,155.068,low
2025-02-04 12:20:00,155.364,high
2025-02-04 12:25:00,155.243,low
2025-02-04 12:48:00,155.338,high
2025-02-04 13:23:00,155.148,low
2025-02-04 14:04:00,155.398,high
2025-02-04 14:51:00,155.238,low
2025-02-04 15:30:00,155.389,high
2025-02-04 17:13:00,154.608,low
2025-02-04 17:34:00,154.777,high
2025-02-04 18:04:00,154.47,low
2025-02-04 18:44:00,154.623,high
2025-02-04 18:50:00,154.464,low
2025-02-04 19:10:00,154.626,high
2025-02-04 20:21:00,154.172,low
2025-02-04 20:36:00,154.337,high
2025-02-04 20:45:00,154.214,low
2025-02-04 21:46:00,154.338,high
2025-02-04 22:00:00,154.235,low
2025-02-04 22:22:00,154.321,high
2025-02-04 23:04:00,154.235,low
2025-02-05 00:33:00,154.377,high
2025-02-05 00:55:00,154.283,low
2025-02-05 01:27:00,154.462,high
2025-02-05 01:46:00,154.034,low
2025-02-05 02:24:00,154.361,high
2025-02-05 03:30:00,153.465,low
2025-02-05 03:43:00,153.696,high
2025-02-05 04:26:00,153.171,low
2025-02-05 05:05:00,153.463,high
2025-02-05 05:42:00,153.09,low
2025-02-05 07:24:00,153.568,high
2025-02-05 09:00:00,153.157,low
2025-02-05 09:12:00,153.347,high
2025-02-05 09:27:00,153.072,low
2025-02-05 10:25:00,153.394,high
2025-02-05 12:39:00,152.551,low
2025-02-05 14:13:00,152.896,high
2025-02-05 14:31:00,152.741,low
2025-02-05 14:48:00,152.949,high
2025-02-05 15:15:00,152.751,low
2025-02-05 15:21:00,153.079,high
2025-02-05 15:36:00,152.927,low
2025-02-05 16:08:00,153.206,high
2025-02-05 17:31:00,152.123,low
2025-02-05 17:49:00,152.362,high
2025-02-05 18:06:00,152.114,low
2025-02-05 18:12:00,152.326,high
2025-02-05 18:37:00,152.151,low
2025-02-05 19:21:00,152.444,high
2025-02-05 20:00:00,152.247,low
2025-02-05 20:10:00,152.408,high
2025-02-05 20:40:00,152.278,low
2025-02-05 22:48:00,152.767,high
2025-02-05 23:14:00,152.607,low
2025-02-05 23:32:00,152.697,high
2025-02-06 00:06:00,152.496,low
2025-02-06 00:40:00,152.569,high
2025-02-06 01:05:00,152.468,low
2025-02-06 01:37:00,152.753,high
2025-02-06 02:07:00,152.458,low
2025-02-06 02:21:00,152.689,high
2025-02-06 02:43:00,152.47,low
2025-02-06 02:50:00,152.637,high
2025-02-06 03:16:00,152.258,low
2025-02-06 03:28:00,152.382,high
2025-02-06 03:41:00,151.811,low
2025-02-06 04:58:00,152.299,high
2025-02-06 05:37:00,152.053,low
2025-02-06 06:04:00,152.301,high
2025-02-06 06:12:00,152.132,low
2025-02-06 06:57:00,152.357,high
2025-02-06 07:11:00,152.166,low
2025-02-06 07:15:00,152.518,high
2025-02-06 07:32:00,152.212,low
2025-02-06 09:10:00,152.673,high
2025-02-06 10:09:00,152.452,low
2025-02-06 10:34:00,152.702,high
2025-02-06 11:04:00,152.54,low
2025-02-06 11:22:00,152.895,high
2025-02-06 12:33:00,152.53,low
2025-02-06 12:43:00,152.635,high
2025-02-06 14:16:00,152.264,low
2025-02-06 14:30:00,152.435,high
2025-02-06 14:46:00,152.283,low
2025-02-06 15:03:00,152.528,high
2025-02-06 16:00:00,152.05,low
2025-02-06 16:16:00,152.217,high
2025-02-06 16:43:00,151.859,low
2025-02-06 17:00:00,152.159,high
2025-02-06 17:20:00,151.892,low
2025-02-06 17:37:00,152.098,high
2025-02-06 17:57:00,151.658,low
2025-02-06 19:00:00,152.06,high
2025-02-06 19:17:00,151.873,low
2025-02-06 19:24:00,151.995,high
2025-02-06 21:07:00,151.281,low
2025-02-06 21:23:00,151.428,high
2025-02-06 21:33:00,151.238,low
2025-02-06 23:01:00,151.538,high
2025-02-07 00:04:00,151.342,low
2025-02-07 00:19:00,151.465,high
2025-02-07 01:12:00,151.179,low
2025-02-07 01:36:00,151.358,high
2025-02-07 02:28:00,150.954,low
2025-02-07 03:46:00,151.662,high
2025-02-07 03:55:00,151.475,low
2025-02-07 04:23:00,151.734,high
2025-02-07 05:18:00,151.447,low
2025-02-07 05:42:00,151.734,high
2025-02-07 06:01:00,151.542,low
2025-02-07 07:55:00,151.79,high
2025-02-07 08:18:00,151.593,low
2025-02-07 09:03:00,151.888,high
2025-02-07 09:41:00,151.667,low
2025-02-07 10:01:00,151.892,high
2025-02-07 10:23:00,151.671,low
2025-02-07 10:31:00,151.859,high
2025-02-07 11:00:00,151.704,low
2025-02-07 11:25:00,151.818,high
2025-02-07 11:40:00,151.695,low
2025-02-07 13:09:00,152.17,high
2025-02-07 13:31:00,152.069,low
2025-02-07 14:13:00,152.247,high
2025-02-07 14:56:00,151.978,low
2025-02-07 15:31:00,152.429,high
2025-02-07 15:43:00,151.648,low
2025-02-07 15:56:00,152.104,high
2025-02-07 17:04:00,151.28,low
2025-02-07 17:40:00,151.761,high
2025-02-07 18:45:00,150.929,low
2025-02-07 19:16:00,151.857,high
2025-02-07 19:37:00,151.47,low
2025-02-07 19:46:00,151.746,high
2025-02-07 20:34:00,151.531,low
2025-02-07 20:46:00,151.635,high
2025-02-07 21:22:00,151.201,low
2025-02-07 21:44:00,151.527,high
2025-02-07 22:17:00,151.257,low
2025-02-07 22:30:00,151.428,high
2025-02-07 23:00:00,151.27,low
2025-02-10 00:02:00,151.554,high
2025-02-10 00:18:00,151.181,low
2025-02-10 01:09:00,151.682,high
2025-02-10 01:30:00,151.511,low
2025-02-10 01:37:00,151.623,high
2025-02-10 01:41:00,151.536,low
2025-02-10 02:00:00,151.889,high
2025-02-10 02:19:00,151.625,low
2025-02-10 03:45:00,152.141,high
2025-02-10 04:09:00,151.911,low
2025-02-10 04:33:00,152.212,high
2025-02-10 06:41:00,151.825,low
2025-02-10 07:16:00,151.994,high
2025-02-10 07:30:00,151.923,low
2025-02-10 07:41:00,152.051,high
2025-02-10 08:30:00,151.769,low
2025-02-10 10:34:00,152.537,high
2025-02-10 11:06:00,152.224,low
2025-02-10 11:25:00,152.409,high
2025-02-10 12:00:00,152.164,low
2025-02-10 12:28:00,152.305,high
2025-02-10 13:03:00,152.011,low
2025-02-10 13:46:00,152.195,high
2025-02-10 14:02:00,152.055,low
2025-02-10 14:29:00,152.245,high
2025-02-10 17:14:00,151.57,low
2025-02-10 17:16:00,151.697,high
2025-02-10 17:43:00,151.573,low
2025-02-10 18:50:00,151.79,high
2025-02-10 19:00:00,151.706,low
2025-02-10 20:55:00,152.072,high
2025-02-10 21:09:00,152.006,low
2025-02-10 21:32:00,152.059,high
2025-02-10 21:45:00,151.949,low
2025-02-10 22:19:00,152.032,high
2025-02-10 23:04:00,151.921,low
2025-02-10 23:51:00,152.005,high
2025-02-11 00:00:00,151.911,low
2025-02-11 00:23:00,151.962,high
2025-02-11 00:59:00,151.857,low
2025-02-11 01:01:00,151.958,high
2025-02-11 02:12:00,151.683,low
2025-02-11 02:23:00,151.89,high
2025-02-11 02:50:00,151.743,low
2025-02-11 03:26:00,152.059,high
2025-02-11 03:44:00,151.93,low
2025-02-11 04:18:00,152.038,high
2025-02-11 04:47:00,151.92,low
2025-02-11 05:26:00,152.049,high
2025-02-11 05:39:00,151.954,low
2025-02-11 06:05:00,152.038,high
2025-02-11 08:07:00,151.832,low
2025-02-11 08:36:00,151.987,high
2025-02-11 08:57:00,151.896,low
2025-02-11 09:06:00,151.996,high
2025-02-11 09:21:00,151.873,low
2025-02-11 10:09:00,152.099,high
2025-02-11 10:31:00,151.648,low
2025-02-11 13:54:00,152.375,high
2025-02-11 14:17:00,152.22,low
2025-02-11 15:46:00,152.511,high
2025-02-11 16:03:00,152.248,low
2025-02-11 16:25:00,152.462,high
2025-02-11 16:55:00,152.231,low
2025-02-11 17:03:00,152.405,high
2025-02-11 16:55:00,152.231,low
2025-02-11 17:38:00,152.596,high
2025-02-11 18:16:00,152.249,low
2025-02-11 19:05:00,152.408,high
2025-02-11 20:02:00,152.289,low
2025-02-11 21:34:00,152.554,high
2025-02-11 21:42:00,152.291,low
2025-02-11 22:33:00,152.606,high
2025-02-11 23:30:00,152.425,low
2025-02-11 23:57:00,152.502,high
2025-02-12 00:24:00,152.366,low
2025-02-12 00:31:00,152.455,high
2025-02-12 00:48:00,152.405,low
2025-02-12 03:30:00,153.464,high
2025-02-12 03:51:00,153.339,low
2025-02-12 03:59:00,153.489,high
2025-02-12 04:30:00,153.36,low
2025-02-12 05:16:00,153.647,high
2025-02-12 05:37:00,153.526,low
2025-02-12 06:19:00,153.737,high
2025-02-12 06:51:00,153.589,low
2025-02-12 07:01:00,153.708,high
2025-02-12 08:09:00,153.506,low
2025-02-12 08:40:00,153.708,high
2025-02-12 09:01:00,153.546,low
2025-02-12 09:17:00,153.666,high
2025-02-12 09:43:00,153.416,low
2025-02-12 10:01:00,153.885,high
2025-02-12 11:23:00,153.414,low
2025-02-12 11:31:00,153.579,high
2025-02-12 11:56:00,153.481,low
2025-02-12 12:33:00,153.697,high
2025-02-12 13:41:00,153.459,low
2025-02-12 14:18:00,153.643,high
2025-02-12 14:58:00,153.378,low
2025-02-12 14:56:00,153.641,high
2025-02-12 15:30:00,153.253,low
2025-02-12 15:40:00,154.455,high
2025-02-12 16:03:00,154.294,low
2025-02-12 16:06:00,154.479,high
2025-02-12 16:33:00,154.14,low
2025-02-12 17:18:00,154.617,high
2025-02-12 17:45:00,154.314,low
2025-02-12 18:37:00,154.8,high
2025-02-12 19:21:00,154.349,low
2025-02-12 19:40:00,154.436,high
2025-02-12 20:01:00,154.315,low
2025-02-12 20:22:00,154.495,high
2025-02-12 20:41:00,154.285,low
2025-02-12 21:46:00,154.481,high
2025-02-12 22:47:00,154.332,low
2025-02-12 23:00:00,154.481,high
2025-02-13 01:07:00,154.258,low
2025-02-13 01:35:00,154.469,high
2025-02-13 02:05:00,154.122,low
2025-02-13 03:03:00,154.669,high
2025-02-13 03:54:00,154.223,low
2025-02-13 04:09:00,154.351,high
2025-02-13 04:38:00,154.159,low
2025-02-13 05:05:00,154.287,high
2025-02-13 05:21:00,154.187,low
2025-02-13 05:36:00,154.291,high
2025-02-13 05:42:00,154.175,low
2025-02-13 06:45:00,154.49,high
2025-02-13 07:40:00,154.133,low
2025-02-13 08:04:00,154.236,high
2025-02-13 08:33:00,153.961,low
2025-02-13 08:55:00,154.119,high
2025-02-13 09:01:00,153.955,low
2025-02-13 10:03:00,154.342,high
2025-02-13 11:14:00,153.898,low
2025-02-13 11:43:00,154.091,high
2025-02-13 13:10:00,153.763,low
2025-02-13 13:16:00,153.857,high
2025-02-13 13:47:00,153.734,low
2025-02-13 14:09:00,153.903,high
2025-02-13 14:53:00,153.743,low
2025-02-13 14:57:00,153.861,high
2025-02-13 15:03:00,153.746,low
2025-02-13 15:30:00,154.014,high
2025-02-13 16:13:00,153.388,low
2025-02-13 16:34:00,153.571,high
2025-02-13 16:52:00,153.347,low
2025-02-13 17:14:00,153.72,high
2025-02-13 18:29:00,152.923,low
2025-02-13 19:02:00,153.187,high
2025-02-13 19:32:00,153.052,low
2025-02-13 20:13:00,153.31,high
2025-02-13 20:39:00,153.191,low
2025-02-13 20:42:00,153.348,high
2025-02-13 21:36:00,152.771,low
2025-02-13 21:49:00,153.015,high
2025-02-13 22:58:00,152.7,low
2025-02-13 23:34:00,152.844,high
2025-02-14 00:00:00,152.729,low
2025-02-14 00:10:00,152.836,high
2025-02-14 00:41:00,152.758,low
2025-02-14 01:39:00,153.153,high
2025-02-14 02:28:00,152.584,low
2025-02-14 02:51:00,152.905,high
2025-02-14 03:15:00,152.448,low
2025-02-14 03:34:00,152.613,high
2025-02-14 03:54:00,152.488,low
2025-02-14 05:09:00,153.007,high
2025-02-14 07:02:00,152.581,low
2025-02-14 07:40:00,152.734,high
2025-02-14 08:04:00,152.526,low
2025-02-14 08:36:00,152.69,high
2025-02-14 08:45:00,152.437,low
2025-02-14 09:02:00,152.578,high
2025-02-14 09:09:00,152.384,low
2025-02-14 09:31:00,152.736,high
2025-02-14 09:45:00,152.548,low
2025-02-14 10:00:00,152.771,high
2025-02-14 10:20:00,152.48,low
2025-02-14 11:16:00,152.841,high
2025-02-14 12:06:00,152.465,low
2025-02-14 12:40:00,152.588,high
2025-02-14 13:01:00,152.489,low
2025-02-14 13:55:00,152.739,high
2025-02-14 14:36:00,152.594,low
2025-02-14 15:25:00,152.827,high
2025-02-14 16:22:00,152.066,low
2025-02-14 16:33:00,152.313,high
2025-02-14 16:47:00,152.075,low
2025-02-14 17:18:00,152.378,high
2025-02-14 18:24:00,152.026,low
2025-02-14 19:25:00,152.347,high
2025-02-14 19:35:00,152.268,low
2025-02-14 20:32:00,152.394,high
2025-02-14 21:59:00,152.176,low
2025-02-14 22:53:00,152.352,high
2025-02-14 23:03:00,152.246,low
2025-02-17 00:00:00,152.439,high
2025-02-17 00:01:00,152.169,low
2025-02-17 01:01:00,152.328,high
2025-02-17 01:20:00,152.179,low
2025-02-17 01:48:00,152.39,high
2025-02-17 02:02:00,151.905,low
2025-02-17 02:19:00,152.113,high
2025-02-17 03:11:00,151.749,low
2025-02-17 03:24:00,151.892,high
2025-02-17 03:45:00,151.738,low
2025-02-17 04:00:00,151.937,high
2025-02-17 04:58:00,151.507,low
2025-02-17 05:24:00,151.664,high
2025-02-17 05:56:00,151.588,low
2025-02-17 06:25:00,151.778,high
2025-02-17 07:12:00,151.533,low
2025-02-17 07:37:00,151.703,high
2025-02-17 07:58:00,151.474,low
2025-02-17 08:56:00,151.791,high
2025-02-17 09:12:00,151.6,low
2025-02-17 10:03:00,151.943,high
2025-02-17 10:24:00,151.832,low
2025-02-17 10:32:00,151.933,high
2025-02-17 11:00:00,151.721,low
2025-02-17 11:24:00,151.813,high
2025-02-17 11:36:00,151.731,low
2025-02-17 11:41:00,151.85,high
2025-02-17 12:54:00,151.595,low
2025-02-17 13:36:00,151.716,high
2025-02-17 14:39:00,151.397,low
2025-02-17 15:23:00,151.528,high
2025-02-17 16:09:00,151.421,low
2025-02-17 16:31:00,151.5,high
2025-02-17 17:57:00,151.337,low
2025-02-17 18:48:00,151.445,high
2025-02-17 19:24:00,151.37,low
2025-02-17 19:43:00,151.451,high
2025-02-17 21:00:00,151.363,low
2025-02-17 23:56:00,151.523,high
2025-02-18 00:20:00,151.43,low
2025-02-18 01:13:00,151.623,high
2025-02-18 01:42:00,151.233,low
2025-02-18 02:50:00,151.717,high
2025-02-18 02:53:00,151.591,low
2025-02-18 03:36:00,151.799,high
2025-02-18 03:51:00,151.683,low
2025-02-18 04:39:00,151.854,high
2025-02-18 04:52:00,151.782,low
2025-02-18 05:18:00,151.983,high
2025-02-18 05:33:00,151.859,low
2025-02-18 06:01:00,152.148,high
2025-02-18 06:30:00,152.039,low
2025-02-18 07:08:00,152.222,high
2025-02-18 07:36:00,151.992,low
2025-02-18 07:47:00,152.146,high
2025-02-18 08:01:00,151.944,low
2025-02-18 08:18:00,152.076,high
2025-02-18 09:25:00,151.796,low
2025-02-18 10:00:00,152.101,high
2025-02-18 10:43:00,151.817,low
2025-02-18 10:58:00,151.974,high
2025-02-18 11:12:00,151.876,low
2025-02-18 11:28:00,151.96,high
2025-02-18 12:35:00,151.703,low
2025-02-18 13:10:00,151.812,high
2025-02-18 13:38:00,151.678,low
2025-02-18 14:11:00,151.882,high
2025-02-18 15:20:00,151.628,low
2025-02-18 16:54:00,151.856,high
2025-02-18 17:47:00,151.526,low
2025-02-18 18:50:00,151.868,high
2025-02-18 19:00:00,151.775,low
2025-02-18 20:51:00,152.042,high
2025-02-18 21:38:00,151.873,low
2025-02-18 23:27:00,152.127,high
2025-02-19 00:00:00,151.937,low
2025-02-19 01:26:00,152.098,high
2025-02-19 02:08:00,151.831,low
2025-02-19 03:02:00,152.114,high
2025-02-19 03:33:00,151.746,low
2025-02-19 04:09:00,152.314,high
2025-02-19 04:42:00,151.971,low
2025-02-19 05:01:00,152.088,high
2025-02-19 05:18:00,151.922,low
2025-02-19 05:35:00,152.036,high
2025-02-19 06:15:00,151.816,low
2025-02-19 06:27:00,151.938,high
2025-02-19 07:00:00,151.721,low
2025-02-19 07:27:00,151.872,high
2025-02-19 09:08:00,151.588,low
2025-02-19 09:30:00,151.785,high
2025-02-19 10:01:00,151.612,low
2025-02-19 10:31:00,151.857,high
2025-02-19 11:34:00,151.549,low
2025-02-19 12:20:00,151.832,high
2025-02-19 12:48:00,151.711,low
2025-02-19 13:40:00,151.956,high
2025-02-19 14:17:00,151.758,low
2025-02-19 14:58:00,151.93,high
2025-02-19 15:12:00,151.784,low
2025-02-19 15:20:00,151.877,high
2025-02-19 17:11:00,151.245,low
2025-02-19 19:01:00,151.701,high
2025-02-19 19:15:00,151.626,low
2025-02-19 20:14:00,151.83,high
2025-02-19 21:20:00,151.392,low
2025-02-19 22:05:00,151.571,high
2025-02-19 22:58:00,151.449,low
2025-02-19 23:30:00,151.517,high
2025-02-20 01:15:00,151.242,low
2025-02-20 01:35:00,151.431,high
2025-02-20 03:35:00,150.572,low
2025-02-20 03:54:00,150.71,high
2025-02-20 04:15:00,150.469,low
2025-02-20 04:57:00,150.761,high
2025-02-20 05:11:00,150.587,low
2025-02-20 05:23:00,150.748,high
2025-02-20 07:08:00,150.182,low
2025-02-20 08:00:00,150.415,high
2025-02-20 09:03:00,149.949,low
2025-02-20 09:29:00,150.223,high
2025-02-20 09:49:00,150.043,low
2025-02-20 10:28:00,150.391,high
2025-02-20 10:35:00,150.232,low
2025-02-20 11:05:00,150.433,high
2025-02-20 11:21:00,150.198,low
2025-02-20 11:57:00,150.378,high
2025-02-20 13:14:00,149.981,low
2025-02-20 13:48:00,150.255,high
2025-02-20 14:11:00,149.953,low
2025-02-20 14:30:00,150.107,high
2025-02-20 14:41:00,149.931,low
2025-02-20 14:53:00,150.138,high
2025-02-20 15:32:00,149.705,low
2025-02-20 16:06:00,150.219,high
2025-02-20 17:01:00,149.682,low
2025-02-20 17:20:00,149.857,high
2025-02-20 17:57:00,149.468,low
2025-02-20 18:22:00,149.741,high
2025-02-20 18:37:00,149.513,low
2025-02-20 19:05:00,149.702,high
2025-02-20 19:42:00,149.397,low
2025-02-20 20:24:00,149.611,high
2025-02-20 20:39:00,149.511,low
2025-02-20 21:23:00,149.814,high
2025-02-20 21:39:00,149.739,low
2025-02-20 22:01:00,149.823,high
2025-02-21 00:05:00,149.499,low
2025-02-21 00:25:00,149.567,high
2025-02-21 01:30:00,149.261,low
2025-02-21 01:31:00,149.638,high
2025-02-21 01:49:00,149.355,low
2025-02-21 02:32:00,149.912,high
2025-02-21 02:55:00,149.715,low
2025-02-21 03:07:00,150.026,high
2025-02-21 03:19:00,149.791,low
2025-02-21 03:43:00,150.448,high
2025-02-21 04:19:00,150.159,low
2025-02-21 04:40:00,150.736,high
2025-02-21 05:10:00,150.343,low
2025-02-21 05:25:00,150.534,high
2025-02-21 05:47:00,150.224,low
2025-02-21 05:58:00,150.349,high
2025-02-21 06:15:00,150.119,low
2025-02-21 07:53:00,150.49,high
2025-02-21 08:01:00,150.295,low
2025-02-21 08:20:00,150.544,high
2025-02-21 08:52:00,150.375,low
2025-02-21 09:09:00,150.554,high
2025-02-21 09:16:00,150.361,low
2025-02-21 09:44:00,150.656,high
2025-02-21 10:15:00,150.353,low
2025-02-21 10:31:00,150.616,high
2025-02-21 10:53:00,150.342,low
2025-02-21 11:19:00,150.46,high
2025-02-21 11:37:00,150.259,low
2025-02-21 12:13:00,150.534,high
2025-02-21 12:56:00,150.351,low
2025-02-21 13:04:00,150.427,high
2025-02-21 13:43:00,150.189,low
2025-02-21 15:02:00,150.512,high
2025-02-21 15:29:00,150.326,low
2025-02-21 15:50:00,150.498,high
2025-02-21 18:12:00,149.49,low
2025-02-21 18:16:00,149.614,high
2025-02-21 18:31:00,149.39,low
2025-02-21 18:50:00,149.572,high
2025-02-21 20:10:00,148.969,low
2025-02-21 20:38:00,149.224,high
2025-02-21 21:29:00,148.923,low
2025-02-21 21:57:00,149.138,high
2025-02-21 22:25:00,148.999,low
